Username,PartyId1,AccountId1,forename1,surname1,PartyId2,AccountId2,forename2,surname2
opal-user-300@dev.platform.hmcts.net,6E+13,60000000001170,David,Jones,,,,
,6E+13,,test,TEST,,,,
,6E+13,,fname,LNAME,,,,
,6E+13,,Sarah,Williams,,,,
,6E+13,,Mary,Brown,,,,
,6E+13,,Jane,Martinez,,,,
,6E+13,,test firstname,TEST LAST NAME,,,,
,6E+13,,Sarah,Rodriguez,,,,
,6E+13,,Michael,Garcia,,,,
,6E+13,,James,Brown,,,,
,6E+13,,test firstname,TEST LAST NAME,,,,
,6E+13,,test firstname,TEST LAST NAME,,,,
,6E+13,,test,TEST,,,,
,6E+13,,test,TEST,,,,
,6E+13,,David,Jones,,,,
,6E+13,,test,TEST,,,,
,6E+13,,Sarah,Jones,,,,
,6E+13,,Jane,Brown,,,,
,6E+13,,Lisa,Garcia,,,,
,6E+13,,David,Miller,,,,
,6E+13,,Lisa,Smith,,,,
,6E+13,,Michael,Johnson,,,,
,6E+13,,Michael,Brown,,,,
,6E+13,,Michael,Smith,,,,
,6E+13,,Emma,Martinez,,,,
,6E+13,,Jane,Davis,,,,
,6E+13,,Lisa,Garcia,,,,
,6E+13,,Emma,Martinez,,,,
,6E+13,,trest,TEST,,,,
,6E+13,,etsat,WETWETWET,,,,
,6E+13,,Sarah,Miller,,,,
,6E+13,,rt,TEST,,,,
,6E+13,,Lisa,Smith,,,,
,6E+13,,David,Brown,,,,
,6E+13,,John,Smith,,,,
,6E+13,,Emma,Smith,,,,
,6E+13,,Sarah,Smith,,,,
,6E+13,,Robert,Martinez,,,,
,6E+13,,Jane,Jones,,,,
,6E+13,,John,Garcia,,,,
,6E+13,,Sarah,Davis,,,,
,6E+13,,Michael,Rodriguez,,,,
,6E+13,,Michael,Davis,,,,
,6E+13,,Robert,Smith,,,,
,6E+13,,Sarah,Johnson,,,,
,6E+13,,Mary,Martinez,,,,
,6E+13,,Jane,Martinez,,,,
,6E+13,,John,Williams,,,,
,6E+13,,Lisa,Jones,,,,
,6E+13,,Jane,Rodriguez,,,,
,6E+13,,Lisa,Brown,,,,
,6E+13,,Lisa,Rodriguez,,,,
,6E+13,,James,Smith,,,,
,6E+13,,Mary,Williams,,,,
,6E+13,,Sarah,Miller,,,,
,6E+13,,Michael,Davis,,,,
,6E+13,,Michael,Brown,,,,
,6E+13,,Lisa,Garcia,,,,
,6E+13,,David,Martinez,,,,
,6E+13,,Jane,Davis,,,,
,6E+13,,James,Rodriguez,,,,
,6E+13,,David,Johnson,,,,
,6E+13,,Jane,Martinez,,,,
,6E+13,,Emma,Jones,,,,
,6E+13,,Lisa,Johnson,,,,
,6E+13,,David,Garcia,,,,
,6E+13,,Michael,Williams,,,,
,6E+13,,Robert,Garcia,,,,
,6E+13,,Michael,Brown,,,,
,6E+13,,Jane,Smith,,,,
,6E+13,,Robert,Garcia,,,,
,6E+13,,Sarah,Davis,,,,
,6E+13,,David,Martinez,,,,
,6E+13,,Emma,Rodriguez,,,,
,6E+13,,Lisa,Martinez,,,,
,6E+13,,John,Williams,,,,
,6E+13,,James,Martinez,,,,
,6E+13,,Lisa,Jones,,,,
,6E+13,,Lisa,Williams,,,,
,6E+13,,James,Miller,,,,
,6E+13,,Michael,Rodriguez,,,,
,6E+13,,Emma,Brown,,,,
,6E+13,,Mary,Smith,,,,
,6E+13,,Mary,Brown,,,,
,6E+13,,Robert,Brown,,,,
,6E+13,,John,Miller,,,,
,6E+13,,Mary,Brown,,,,
,6E+13,,Emma,Garcia,,,,
,6E+13,,Robert,Garcia,,,,
,6E+13,,Mary,Miller,,,,
,6E+13,,Sarah,Johnson,,,,
,6E+13,,David,Johnson,,,,
,6E+13,,James,Williams,,,,
,6E+13,,James,Williams,,,,
,6E+13,,Lisa,Davis,,,,
,6E+13,,James,Jones,,,,
,6E+13,,John,Brown,,,,
,6E+13,,John,Johnson,,,,
,6E+13,,Lisa,Brown,,,,
,6E+13,,Emma,Williams,,,,
,6E+13,,Lisa,Martinez,,,,
,6E+13,,Mary,Martinez,,,,
,6E+13,,Michael,Smith,,,,
,6E+13,,Sarah,Johnson,,,,
,6E+13,,Emma,Rodriguez,,,,
,6E+13,,John,Rodriguez,,,,
,6E+13,,Jane,Jones,,,,
,6E+13,,John,Garcia,,,,
,6E+13,,Lisa,Johnson,,,,
,6E+13,,David,Smith,,,,
,6E+13,,Sarah,Martinez,,,,
,6E+13,,Emma,Martinez,,,,
,6E+13,,John,Johnson,,,,
,6E+13,,Mary,Williams,,,,
,6E+13,,Michael,Jones,,,,
,6E+13,,James,Johnson,,,,
,6E+13,,Sarah,Rodriguez,,,,
,6E+13,,Michael,Jones,,,,
,6E+13,,David,Williams,,,,
,6E+13,,Michael,Brown,,,,
,6E+13,,Lisa,Brown,,,,
,6E+13,,James,Brown,,,,
,6E+13,,David,Brown,,,,
,6E+13,,Robert,Miller,,,,
,6E+13,,Robert,Jones,,,,
,6E+13,,Jane,Jones,,,,
,6E+13,,James,Williams,,,,
,6E+13,,Sarah,Martinez,,,,
,6E+13,,Emma,Rodriguez,,,,
,6E+13,,Sarah,Miller,,,,
,6E+13,,Sarah,Johnson,,,,
,6E+13,,Sarah,Miller,,,,
,6E+13,,Michael,Miller,,,,
,6E+13,,Sarah,Rodriguez,,,,
,6E+13,,Lisa,Miller,,,,
,6E+13,,Lisa,Garcia,,,,
,6E+13,,David,Smith,,,,
,6E+13,,Emma,Jones,,,,
,6E+13,,David,Brown,,,,
,6E+13,,Lisa,Rodriguez,,,,
,6E+13,,James,Davis,,,,
,6E+13,,Mary,Miller,,,,
,6E+13,,Jane,Martinez,,,,
,6E+13,,John,Davis,,,,
,6E+13,,David,Jones,,,,
,6E+13,,Robert,Smith,,,,
,6E+13,,Lisa,Brown,,,,
,6E+13,,James,Johnson,,,,
,6E+13,,Mary,Johnson,,,,
,6E+13,,David,Johnson,,,,
,6E+13,,Jane,Miller,,,,
,6E+13,,James,Rodriguez,,,,
,6E+13,,Mary,Williams,,,,
,6E+13,,John,Williams,,,,
,6E+13,,Emma,Williams,,,,
,6E+13,,Sarah,Garcia,,,,
,6E+13,,Mary,Williams,,,,
,6E+13,,John,Miller,,,,
,6E+13,,Mary,Martinez,,,,
,6E+13,,James,Jones,,,,
,6E+13,,Lisa,Davis,,,,
,6E+13,,Robert,Martinez,,,,
,6E+13,,Sarah,Miller,,,,
,6E+13,,John,Brown,,,,
,6E+13,,David,Rodriguez,,,,
,6E+13,,James,Brown,,,,
,6E+13,,Sarah,Williams,,,,
,6E+13,,David,Martinez,,,,
,6E+13,,Jane,Miller,,,,
,6E+13,,Mary,Rodriguez,,,,
,6E+13,,Mary,Davis,,,,
,6E+13,,David,Garcia,,,,
,6E+13,,Emma,Brown,,,,
,6E+13,,Sarah,Smith,,,,
,6E+13,,Emma,Miller,,,,
,6E+13,,Mary,Rodriguez,,,,
,6E+13,,Emma,Garcia,,,,
,6E+13,,David,Smith,,,,
,6E+13,,James,Davis,,,,
,6E+13,,Lisa,Miller,,,,
,6E+13,,Emma,Martinez,,,,
,6E+13,,Robert,Garcia,,,,
,6E+13,,David,Brown,,,,
,6E+13,,David,Rodriguez,,,,
,6E+13,,fnameq,LNAME,,,,
,6E+13,,Lisa,Johnson,,,,
,6E+13,,Mary,Brown,,,,
,6E+13,,Robert,Miller,,,,
,6E+13,,Lisa,Brown,,,,
,6E+13,,Mary,Miller,,,,
,6E+13,,Robert,Williams,,,,
,6E+13,,Michael,Rodriguez,,,,
,6E+13,,Michael,Martinez,,,,
,6E+13,,Lisa,Williams,,,,
,6E+13,,Mary,Brown,,,,
,6E+13,,Jane,Smith,,,,
,6E+13,,John,Miller,,,,
,6E+13,,Jane,Brown,,,,
,6E+13,,Robert,Garcia,,,,
,6E+13,,Lisa,Martinez,,,,
,6E+13,,James,Williams,,,,
,6E+13,,Sarah,Rodriguez,,,,
,6E+13,,Mary,Jones,,,,
,6E+13,,Emma,Jones,,,,
,6E+13,,Mary,Williams,,,,
,6E+13,,Sarah,Johnson,,,,
,6E+13,,James,Rodriguez,,,,
,6E+13,,Emma,Johnson,,,,
,6E+13,,Jane,Brown,,,,
,6E+13,,Sarah,Garcia,,,,
,6E+13,,Emma,Martinez,,,,
,6E+13,,John,Johnson,,,,
,6E+13,,Emma,Johnson,,,,
,6E+13,,Jane,Williams,,,,
,6E+13,,Michael,Garcia,,,,
,6E+13,,Jane,Jones,,,,
,6E+13,,John,Rodriguez,,,,
,6E+13,,Jane,Garcia,,,,
,6E+13,,Jane,Miller,,,,
,6E+13,,Emma,Garcia,,,,
,6E+13,,Robert,Brown,,,,
,6E+13,,David,Miller,,,,
,6E+13,,John,Johnson,,,,
,6E+13,,John,Williams,,,,
,6E+13,,Emma,Jones,,,,
,6E+13,,Jane,Williams,,,,
,6E+13,,Robert,Rodriguez,,,,
,6E+13,,David,Miller,,,,
,6E+13,,Michael,Rodriguez,,,,
,6E+13,,John,Brown,,,,
,6E+13,,David,Rodriguez,,,,
,6E+13,,David,Rodriguez,,,,
,6E+13,,David,Williams,,,,
,6E+13,,Sarah,Garcia,,,,
,6E+13,,Robert,Jones,,,,
,6E+13,,Jane,Garcia,,,,
,6E+13,,Jane,Williams,,,,
,6E+13,,Lisa,Johnson,,,,
,6E+13,,Emma,Brown,,,,
,6E+13,,Robert,Miller,,,,
,6E+13,,Mary,Jones,,,,
,6E+13,,Jane,Williams,,,,
,6E+13,,Robert,Jones,,,,
,6E+13,,James,Miller,,,,
,6E+13,,Lisa,Martinez,,,,
,6E+13,,Mary,Garcia,,,,
,6E+13,,Jane,Williams,,,,
,6E+13,,Mary,Garcia,,,,
,6E+13,,John,Davis,,,,
,6E+13,,Robert,Williams,,,,
,6E+13,,David,Smith,,,,
,6E+13,,James,Rodriguez,,,,
,6E+13,,Lisa,Garcia,,,,
,6E+13,,Lisa,Rodriguez,,,,
,6E+13,,John,Smith,,,,
,6E+13,,David,Brown,,,,
,6E+13,,Michael,Davis,,,,
,6E+13,,Lisa,Rodriguez,,,,
,6E+13,,John,Johnson,,,,
,6E+13,,Jane,Jones,,,,
,6E+13,,Jane,Garcia,,,,
,6E+13,,John,Rodriguez,,,,
,6E+13,,Sarah,Smith,,,,
,6E+13,,Jane,Rodriguez,,,,
,6E+13,,Sarah,Brown,,,,
,6E+13,,Robert,Brown,,,,
,6E+13,,Michael,Miller,,,,
,6E+13,,Michael,Garcia,,,,
,6E+13,,Lisa,Davis,,,,
,6E+13,,Michael,Martinez,,,,
,6E+13,,Robert,Rodriguez,,,,
,6E+13,,Robert,Jones,,,,
,6E+13,,Robert,Smith,,,,
,6E+13,,Lisa,Smith,,,,
,6E+13,,James,Miller,,,,
,6E+13,,Jane,Smith,,,,
,6E+13,,Lisa,Johnson,,,,
,6E+13,,Emma,Johnson,,,,
,6E+13,,James,Brown,,,,
,6E+13,,David,Rodriguez,,,,
,6E+13,,Lisa,Garcia,,,,
,6E+13,,Jane,Smith,,,,
,6E+13,,Michael,Brown,,,,
,6E+13,,Sarah,Jones,,,,
,6E+13,,Sarah,Davis,,,,
,6E+13,,John,Miller,,,,
,6E+13,,Mary,Davis,,,,
,6E+13,,Mary,Garcia,,,,
,6E+13,,John,Rodriguez,,,,
,6E+13,,Jane,Johnson,,,,
,6E+13,,Jane,Rodriguez,,,,
,6E+13,,James,Brown,,,,
,6E+13,,Emma,Williams,,,,
,6E+13,,Robert,Williams,,,,
,6E+13,,Robert,Garcia,,,,
,6E+13,,Sarah,Williams,,,,
,6E+13,,John,Rodriguez,,,,
,6E+13,,James,Miller,,,,
,6E+13,,Emma,Johnson,,,,
,6E+13,,James,Johnson,,,,
,6E+13,,Mary,Martinez,,,,
,6E+13,,Robert,Smith,,,,
,6E+13,,Jane,Johnson,,,,
,6E+13,,Jane,Jones,,,,
,6E+13,,Lisa,Johnson,,,,
,6E+13,,Sarah,Davis,,,,
,6E+13,,Mary,Davis,,,,
,6E+13,,Robert,Miller,,,,
,6E+13,,James,Davis,,,,
,6E+13,,Sarah,Smith,,,,
,6E+13,,Jane,Davis,,,,
,6E+13,,John,Rodriguez,,,,
,6E+13,,John,Davis,,,,
,6E+13,,Sarah,Miller,,,,
,6E+13,,David,Brown,,,,
,6E+13,,Robert,Rodriguez,,,,
,6E+13,,Robert,Jones,,,,
,6E+13,,Michael,Smith,,,,
,6E+13,,Sarah,Miller,,,,
,6E+13,,Emma,Martinez,,,,
,6E+13,,David,Williams,,,,
,6E+13,,Robert,Martinez,,,,
,6E+13,,Emma,Rodriguez,,,,
,6E+13,,John,Johnson,,,,
,6E+13,,Emma,Miller,,,,
,6E+13,,Sarah,Martinez,,,,
,6E+13,,David,Davis,,,,
,6E+13,,Michael,Martinez,,,,
,6E+13,,James,Davis,,,,
,6E+13,,James,Martinez,,,,
,6E+13,,Sarah,Garcia,,,,
,6E+13,,John,Miller,,,,
,6E+13,,Jane,Davis,,,,
,6E+13,,Michael,Garcia,,,,
,6E+13,,Mary,Martinez,,,,
,6E+13,,John,Smith,,,,
,6E+13,,David,Garcia,,,,
,6E+13,,David,Brown,,,,
,6E+13,,John,Smith,,,,
,6E+13,,Lisa,Smith,,,,
,6E+13,,David,Johnson,,,,
,6E+13,,Emma,Martinez,,,,
,6E+13,,Mary,Williams,,,,
,6E+13,,Michael,Jones,,,,
,6E+13,,Sarah,Smith,,,,
,6E+13,,Jane,Johnson,,,,
,6E+13,,Michael,Rodriguez,,,,
,6E+13,,Jane,Smith,,,,
,6E+13,,Mary,Williams,,,,
,6E+13,,James,Williams,,,,
,6E+13,,Sarah,Garcia,,,,
,6E+13,,David,Johnson,,,,
,6E+13,,Michael,Garcia,,,,
,6E+13,,John,Miller,,,,
,6E+13,,Robert,Jones,,,,
,6E+13,,Michael,Brown,,,,
,6E+13,,Robert,Brown,,,,
,6E+13,,John,Jones,,,,
,6E+13,,Jane,Miller,,,,
,6E+13,,Sarah,Rodriguez,,,,
,6E+13,,Mary,Davis,,,,
,6E+13,,John,Miller,,,,
,6E+13,,Sarah,Jones,,,,
,6E+13,,Sarah,Davis,,,,
,6E+13,,Mary,Davis,,,,
,6E+13,,Emma,Johnson,,,,
,6E+13,,Lisa,Davis,,,,
,6E+13,,James,Brown,,,,
,6E+13,,James,Martinez,,,,
,6E+13,,Michael,Johnson,,,,
,6E+13,,John,Jones,,,,
,6E+13,,John,Smith,,,,
,6E+13,,James,Jones,,,,
,6E+13,,Mary,Miller,,,,
,6E+13,,David,Garcia,,,,
,6E+13,,Lisa,Martinez,,,,
,6E+13,,Emma,Smith,,,,
,6E+13,,Sarah,Garcia,,,,
,6E+13,,John,Brown,,,,
,6E+13,,Emma,Smith,,,,
,6E+13,,Sarah,Williams,,,,
,6E+13,,Sarah,Williams,,,,
,6E+13,,Sarah,Rodriguez,,,,
,6E+13,,Jane,Rodriguez,,,,
,6E+13,,Mary,Miller,,,,
,6E+13,,Michael,Johnson,,,,
,6E+13,,Sarah,Williams,,,,
,6E+13,,David,Williams,,,,
,6E+13,,John,Smith,,,,
,6E+13,,Sarah,Davis,,,,
,6E+13,,Mary,Jones,,,,
,6E+13,,Sarah,Brown,,,,
,6E+13,,Michael,Miller,,,,
,6E+13,,Robert,Jones,,,,
,6E+13,,Sarah,Davis,,,,
,6E+13,,James,Smith,,,,
,6E+13,,Lisa,Davis,,,,
,6E+13,,Jane,Williams,,,,
,6E+13,,John,Davis,,,,
,6E+13,,Mary,Rodriguez,,,,
,6E+13,,Jane,Jones,,,,
,6E+13,,Michael,Davis,,,,
,6E+13,,David,Johnson,,,,
,6E+13,,Jane,Davis,,,,
,6E+13,,Jane,Jones,,,,
,6E+13,,Mary,Brown,,,,
,6E+13,,Jane,Miller,,,,
,6E+13,,Jane,Miller,,,,
,6E+13,,Jane,Rodriguez,,,,
,6E+13,,David,Rodriguez,,,,
,6E+13,,Emma,Davis,,,,
,6E+13,,Michael,Martinez,,,,
,6E+13,,Michael,Smith,,,,
,6E+13,,Robert,Garcia,,,,
,6E+13,,Robert,Miller,,,,
,6E+13,,James,Davis,,,,
,6E+13,,Robert,Jones,,,,
,6E+13,,Mary,Miller,,,,
,6E+13,,Robert,Garcia,,,,
,6E+13,,Michael,Garcia,,,,
,6E+13,,Robert,Davis,,,,
,6E+13,,David,Miller,,,,
,6E+13,,Michael,Johnson,,,,
,6E+13,,Emma,Jones,,,,
,6E+13,,James,Miller,,,,
,6E+13,,Mary,Smith,,,,
,6E+13,,Jane,Garcia,,,,
,6E+13,,Mary,Brown,,,,
,6E+13,,David,Garcia,,,,
,6E+13,,Robert,Miller,,,,
,6E+13,,Mary,Williams,,,,
,6E+13,,Robert,Brown,,,,
,6E+13,,David,Martinez,,,,
,6E+13,,James,Garcia,,,,
,6E+13,,Jane,Johnson,,,,
,6E+13,,Emma,Brown,,,,
,6E+13,,Sarah,Jones,,,,
,6E+13,,Robert,Jones,,,,
,6E+13,,James,Johnson,,,,
,6E+13,,David,Rodriguez,,,,
,6E+13,,Michael,Martinez,,,,
,6E+13,,John,Smith,,,,
,6E+13,,David,Rodriguez,,,,
,6E+13,,Jane,Williams,,,,
,6E+13,,David,Smith,,,,
,6E+13,,Emma,Johnson,,,,
,6E+13,,James,Brown,,,,
,6E+13,,Mary,Rodriguez,,,,
,6E+13,,Emma,Jones,,,,
,6E+13,,David,Davis,,,,
,6E+13,,Lisa,Miller,,,,
,6E+13,,Lisa,Smith,,,,
,6E+13,,Michael,Williams,,,,
,6E+13,,Robert,Williams,,,,
,6E+13,,Mary,Garcia,,,,
,6E+13,,Jane,Smith,,,,
,6E+13,,Robert,Smith,,,,
,6E+13,,Jane,Garcia,,,,
,6E+13,,Michael,Miller,,,,
,6E+13,,Michael,Rodriguez,,,,
,6E+13,,James,Garcia,,,,
,6E+13,,Michael,Johnson,,,,
,6E+13,,Mary,Martinez,,,,
,6E+13,,Michael,Garcia,,,,
,6E+13,,David,Jones,,,,
,6E+13,,Mary,Martinez,,,,
,6E+13,,Lisa,Smith,,,,
,6E+13,,John,Williams,,,,
,6E+13,,David,Williams,,,,
,6E+13,,Lisa,Davis,,,,
,6E+13,,Jane,Davis,,,,
,6E+13,,John,Smith,,,,
,6E+13,,Michael,Davis,,,,
,6E+13,,Michael,Jones,,,,
,6E+13,,Jane,Williams,,,,
,6E+13,,James,Williams,,,,
,6E+13,,Mary,Johnson,,,,
,6E+13,,Robert,Martinez,,,,
,6E+13,,Robert,Jones,,,,
,6E+13,,Lisa,Rodriguez,,,,
,6E+13,,Sarah,Miller,,,,
,6E+13,,Michael,Johnson,,,,
,6E+13,,Robert,Miller,,,,
,6E+13,,Mary,Rodriguez,,,,
,6E+13,,Mary,Williams,,,,
,6E+13,,James,Jones,,,,
,6E+13,,John,Rodriguez,,,,
,6E+13,,Lisa,Williams,,,,
,6E+13,,Michael,Rodriguez,,,,
,6E+13,,John,Johnson,,,,
,6E+13,,Mary,Johnson,,,,
,6E+13,,Emma,Rodriguez,,,,
,6E+13,,Lisa,Johnson,,,,
,6E+13,,Robert,Williams,,,,
,6E+13,,Emma,Martinez,,,,
,6E+13,,Jane,Williams,,,,
,6E+13,,Emma,Garcia,,,,
,6E+13,,Emma,Jones,,,,
,6E+13,,Robert,Miller,,,,
,6E+13,,Jane,Garcia,,,,
,6E+13,,Sarah,Brown,,,,
,6E+13,,Jane,Jones,,,,
,6E+13,,Michael,Rodriguez,,,,
,6E+13,,Lisa,Garcia,,,,
,6E+13,,Lisa,Garcia,,,,
,6E+13,,David,Martinez,,,,
,6E+13,,Michael,Williams,,,,
,6E+13,,Michael,Davis,,,,
,6E+13,,David,Brown,,,,
,6E+13,,Michael,Johnson,,,,
,6E+13,,Jane,Smith,,,,
,6E+13,,Sarah,Brown,,,,
,6E+13,,Michael,Garcia,,,,
,6E+13,,John,Williams,,,,
,6E+13,,James,Williams,,,,
,6E+13,,Robert,Miller,,,,
,6E+13,,Emma,Smith,,,,
,6E+13,,Robert,Miller,,,,
,6E+13,,Lisa,Brown,,,,
,6E+13,,Jane,Garcia,,,,
,6E+13,,Jane,Jones,,,,
,6E+13,,Emma,Garcia,,,,
,6E+13,,John,Williams,,,,
,6E+13,,Michael,Brown,,,,
,6E+13,,Jane,Johnson,,,,
,6E+13,,Robert,Davis,,,,
,6E+13,,James,Smith,,,,
,6E+13,,Michael,Garcia,,,,
,6E+13,,John,Jones,,,,
,6E+13,,Jane,Jones,,,,
,6E+13,,Sarah,Rodriguez,,,,
,6E+13,,Michael,Martinez,,,,
,6E+13,,Michael,Garcia,,,,
,6E+13,,Lisa,Jones,,,,
,6E+13,,Michael,Davis,,,,
,6E+13,,Emma,Smith,,,,
,6E+13,,Sarah,Garcia,,,,
,6E+13,,Sarah,Jones,,,,
,6E+13,,Lisa,Jones,,,,
,6E+13,,Robert,Smith,,,,
,6E+13,,Robert,Williams,,,,
,6E+13,,Jane,Brown,,,,
,6E+13,,Sarah,Jones,,,,
,6E+13,,Emma,Johnson,,,,
,6E+13,,Michael,Williams,,,,
,6E+13,,Mary,Jones,,,,
,6E+13,,Lisa,Williams,,,,
,6E+13,,John,Martinez,,,,
,6E+13,,Michael,Williams,,,,
,6E+13,,Jane,Johnson,,,,
,6E+13,,David,Brown,,,,
,6E+13,,Lisa,Jones,,,,
,6E+13,,Michael,Jones,,,,
,6E+13,,Jane,Martinez,,,,
,6E+13,,Robert,Miller,,,,
,6E+13,,James,Miller,,,,
,6E+13,,Robert,Brown,,,,
,6E+13,,Lisa,Williams,,,,
,6E+13,,Michael,Johnson,,,,
,6E+13,,Sarah,Miller,,,,
,6E+13,,Mary,Davis,,,,
,6E+13,,David,Brown,,,,
,6E+13,,Sarah,Jones,,,,
,6E+13,,James,Rodriguez,,,,
,6E+13,,Sarah,Williams,,,,
,6E+13,,Emma,Jones,,,,
,6E+13,,Michael,Brown,,,,
,6E+13,,Jane,Smith,,,,
,6E+13,,Robert,Smith,,,,
,6E+13,,James,Williams,,,,
,6E+13,,John,Jones,,,,
,6E+13,,Emma,Jones,,,,
,6E+13,,Sarah,Smith,,,,
,6E+13,,John,Miller,,,,
,6E+13,,David,Smith,,,,
,6E+13,,James,Williams,,,,
,6E+13,,Jane,Rodriguez,,,,
,6E+13,,Michael,Miller,,,,
,6E+13,,Michael,Johnson,,,,
,6E+13,,Robert,Miller,,,,
,6E+13,,Mary,Davis,,,,
,6E+13,,James,Rodriguez,,,,
,6E+13,,John,Johnson,,,,
,6E+13,,James,Smith,,,,
,6E+13,,Sarah,Davis,,,,
,6E+13,,John,Miller,,,,
,6E+13,,Sarah,Williams,,,,
,6E+13,,John,Johnson,,,,
,6E+13,,Lisa,Rodriguez,,,,
,6E+13,,David,Rodriguez,,,,
,6E+13,,David,Jones,,,,
,6E+13,,Sarah,Davis,,,,
,6E+13,,Michael,Rodriguez,,,,
,6E+13,,Michael,Smith,,,,
,6E+13,,James,Brown,,,,
,6E+13,,John,Jones,,,,
,6E+13,,Mary,Miller,,,,
,6E+13,,Jane,Smith,,,,
,6E+13,,Mary,Jones,,,,
,6E+13,,Michael,Davis,,,,
,6E+13,,James,Jones,,,,
,6E+13,,James,Williams,,,,
,6E+13,,Michael,Miller,,,,
,6E+13,,Sarah,Brown,,,,
,6E+13,,Mary,Martinez,,,,
,6E+13,,Jane,Brown,,,,
,6E+13,,Robert,Martinez,,,,
,6E+13,,Robert,Williams,,,,
,6E+13,,Mary,Davis,,,,
,6E+13,,Mary,Williams,,,,
,6E+13,,Michael,Brown,,,,
,6E+13,,James,Rodriguez,,,,
,6E+13,,Robert,Rodriguez,,,,
,6E+13,,Robert,Garcia,,,,
,6E+13,,Michael,Smith,,,,
,6E+13,,John,Brown,,,,
,6E+13,,Michael,Martinez,,,,
,6E+13,,Sarah,Davis,,,,
,6E+13,,David,Johnson,,,,
,6E+13,,Mary,Jones,,,,
,6E+13,,Robert,Williams,,,,
,6E+13,,Robert,Garcia,,,,
,6E+13,,James,Miller,,,,
,6E+13,,Jane,Davis,,,,
,6E+13,,Emma,Garcia,,,,
,6E+13,,James,Martinez,,,,
,6E+13,,John,Williams,,,,
,6E+13,,Emma,Jones,,,,
,6E+13,,David,Martinez,,,,
,6E+13,,Sarah,Martinez,,,,
,6E+13,,Lisa,Jones,,,,
,6E+13,,Emma,Miller,,,,
,6E+13,,Emma,Garcia,,,,
,6E+13,,Michael,Garcia,,,,
,6E+13,,John,Davis,,,,
,6E+13,,Emma,Davis,,,,
,6E+13,,Jane,Williams,,,,
,6E+13,,Michael,Martinez,,,,
,6E+13,,Emma,Williams,,,,
,6E+13,,Robert,Brown,,,,
,6E+13,,Robert,Jones,,,,
,6E+13,,John,Smith,,,,
,6E+13,,Michael,Garcia,,,,
,6E+13,,Jane,Johnson,,,,
,6E+13,,David,Davis,,,,
,6E+13,,Lisa,Rodriguez,,,,
,6E+13,,Lisa,Brown,,,,
,6E+13,,Emma,Jones,,,,
,6E+13,,Sarah,Smith,,,,
,6E+13,,Robert,Smith,,,,
,6E+13,,Michael,Garcia,,,,
,6E+13,,Emma,Martinez,,,,
,6E+13,,Lisa,Davis,,,,
,6E+13,,Michael,Rodriguez,,,,
,6E+13,,Emma,Jones,,,,
,6E+13,,David,Davis,,,,
,6E+13,,Sarah,Jones,,,,
,6E+13,,Robert,Miller,,,,
,6E+13,,Sarah,Martinez,,,,
,6E+13,,David,Brown,,,,
,6E+13,,Sarah,Brown,,,,
,6E+13,,Robert,Williams,,,,
,6E+13,,Michael,Smith,,,,
,6E+13,,Michael,Brown,,,,
,6E+13,,Sarah,Rodriguez,,,,
,6E+13,,John,Brown,,,,
,6E+13,,Jane,Martinez,,,,
,6E+13,,Michael,Brown,,,,
,6E+13,,Emma,Garcia,,,,
,6E+13,,Emma,Miller,,,,
,6E+13,,John,Johnson,,,,
,6E+13,,David,Brown,,,,
,6E+13,,Robert,Brown,,,,
,6E+13,,David,Davis,,,,
,6E+13,,Robert,Martinez,,,,
,6E+13,,Robert,Brown,,,,
,6E+13,,Mary,Brown,,,,
,6E+13,,James,Davis,,,,
,6E+13,,Michael,Jones,,,,
,6E+13,,David,Martinez,,,,
,6E+13,,Jane,Davis,,,,
,6E+13,,James,Smith,,,,
,6E+13,,Mary,Rodriguez,,,,
,6E+13,,Jane,Williams,,,,
,6E+13,,Michael,Martinez,,,,
,6E+13,,James,Johnson,,,,
,6E+13,,John,Rodriguez,,,,
,6E+13,,David,Davis,,,,
,6E+13,,Michael,Smith,,,,
,6E+13,,Sarah,Miller,,,,
,6E+13,,Lisa,Johnson,,,,
,6E+13,,Sarah,Brown,,,,
,6E+13,,Robert,Williams,,,,
,6E+13,,Michael,Rodriguez,,,,
,6E+13,,James,Johnson,,,,
,6E+13,,James,Garcia,,,,
,6E+13,,Mary,Garcia,,,,
,6E+13,,Robert,Williams,,,,
,6E+13,,Robert,Williams,,,,
,6E+13,,Michael,Miller,,,,
,6E+13,,John,Johnson,,,,
,6E+13,,Michael,Brown,,,,
,6E+13,,David,Jones,,,,
,6E+13,,Lisa,Brown,,,,
,6E+13,,Robert,Smith,,,,
,6E+13,,John,Miller,,,,
,6E+13,,Sarah,Williams,,,,
,6E+13,,Hannah,SCOTT,,,,
,6E+13,,Jane,Smith,,,,
,6E+13,,TEST1,TEST1,,,,
,6E+13,,TESTY,TEST,,,,
,6E+13,,Emma,Smith,,,,
,6E+13,,David,Rodriguez,,,,
,6E+13,,James,Johnson,,,,
,6E+13,,James,Miller,,,,
,6E+13,,Robert,Martinez,,,,
,6E+13,,Sarah,Davis,,,,
,6E+13,,Mary,Miller,,,,
,6E+13,,Jane,Miller,,,,
,6E+13,,Emma,Davis,,,,
,6E+13,,John,Rodriguez,,,,
,6E+13,,Jane,Jones,,,,
,6E+13,,Lisa,Davis,,,,
,6E+13,,Michael,Johnson,,,,
,6E+13,,Jane,Smith,,,,
,6E+13,,Sarah,Johnson,,,,
,6E+13,,Lisa,Brown,,,,
,6E+13,,David,Williams,,,,
,6E+13,,Sarah,Rodriguez,,,,
,6E+13,,John,Miller,,,,
,6E+13,,Sarah,Johnson,,,,
,6E+13,,Mary,Davis,,,,
,6E+13,,Mary,Brown,,,,
,6E+13,,Emma,Martinez,,,,
,6E+13,,Emma,Johnson,,,,
,6E+13,,Robert,Rodriguez,,,,
,6E+13,,James,Jones,,,,
,6E+13,,Sarah,Davis,,,,
,6E+13,,James,Miller,,,,
,6E+13,,Robert,Brown,,,,
,6E+13,,Sarah,Jones,,,,
,6E+13,,David,Garcia,,,,
,6E+13,,John,Rodriguez,,,,
,6E+13,,Mary,Jones,,,,
,6E+13,,David,Brown,,,,
,6E+13,,Michael,Brown,,,,
,6E+13,,David,Rodriguez,,,,
,6E+13,,Mary,Davis,,,,
,6E+13,,Lisa,Smith,,,,
,6E+13,,Sarah,Williams,,,,
,6E+13,,John,Garcia,,,,
,6E+13,,Mary,Johnson,,,,
,6E+13,,Mary,Johnson,,,,
,6E+13,,David,Garcia,,,,
,6E+13,,Mary,Davis,,,,
,6E+13,,Robert,Jones,,,,
,6E+13,,Mary,Davis,,,,
,6E+13,,Mary,Williams,,,,
,6E+13,,David,Williams,,,,
,6E+13,,Robert,Johnson,,,,
,6E+13,,Robert,Johnson,,,,
,6E+13,,John,Johnson,,,,
,6E+13,,Robert,Brown,,,,
,6E+13,,James,Johnson,,,,
,6E+13,,Mary,Miller,,,,
,6E+13,,John,Miller,,,,
,6E+13,,Jane,Brown,,,,
,6E+13,,Robert,Martinez,,,,
,6E+13,,Jane,Miller,,,,
,6E+13,,Sarah,Williams,,,,
,6E+13,,Michael,Miller,,,,
,6E+13,,Emma,Johnson,,,,
,6E+13,,Robert,Johnson,,,,
,6E+13,,test,TEST,,,,
,6E+13,,test parent,TEST PARENT,,,,
,6E+13,,David,Johnson,,,,
,6E+13,,Emma,Martinez,,,,
,6E+13,,Sarah,Smith,,,,
,6E+13,,Sarah,Brown,,,,
,6E+13,,Sarah,Miller,,,,
,6E+13,,Emma,Jones,,,,
,6E+13,,Lisa,Martinez,,,,
,6E+13,,Lisa,Davis,,,,
,6E+13,,Sarah,Johnson,,,,
,6E+13,,Mary,Martinez,,,,
,6E+13,,David,Brown,,,,
,6E+13,,Lisa,Martinez,,,,
,6E+13,,Lisa,Williams,,,,
,6E+13,,James,Williams,,,,
,6E+13,,Michael,Davis,,,,
,6E+13,,Michael,Jones,,,,
,6E+13,,James,Miller,,,,
,6E+13,,Sarah,Johnson,,,,
,6E+13,,Emma,Johnson,,,,
,6E+13,,Jane,Williams,,,,
,6E+13,,John,Johnson,,,,
,6E+13,,John,Jones,,,,
,6E+13,,David,Davis,,,,
,6E+13,,Robert,Williams,,,,
,6E+13,,Jane,Martinez,,,,
,6E+13,,Mary,Rodriguez,,,,
,6E+13,,David,Williams,,,,
,6E+13,,Lisa,Johnson,,,,
,6E+13,,Mary,Smith,,,,
,6E+13,,John,Davis,,,,
,6E+13,,Emma,Rodriguez,,,,
,6E+13,,John,Davis,,,,
,6E+13,,James,Smith,,,,
,6E+13,,David,Smith,,,,
,6E+13,,Robert,Johnson,,,,
,6E+13,,David,Martinez,,,,
,6E+13,,Michael,Brown,,,,
,6E+13,,Robert,Rodriguez,,,,
,6E+13,,Lisa,Davis,,,,
,6E+13,,Lisa,Rodriguez,,,,
,6E+13,,James,Davis,,,,
,6E+13,,Emma,Miller,,,,
,6E+13,,Lisa,Davis,,,,
,6E+13,,David,Brown,,,,
,6E+13,,Jane,Martinez,,,,
,6E+13,,Lisa,Garcia,,,,
,6E+13,,Lisa,Williams,,,,
,6E+13,,James,Jones,,,,
,6E+13,,Emma,Rodriguez,,,,
,6E+13,,James,Martinez,,,,
,6E+13,,Emma,Brown,,,,
,6E+13,,Mary,Martinez,,,,
,6E+13,,David,Johnson,,,,
,6E+13,,James,Jones,,,,
,6E+13,,David,Miller,,,,
,6E+13,,James,Martinez,,,,
,6E+13,,Jane,Brown,,,,
,6E+13,,Jane,Rodriguez,,,,
,6E+13,,Mary,Rodriguez,,,,
,6E+13,,Emma,Davis,,,,
,6E+13,,David,Jones,,,,
,6E+13,,John,Garcia,,,,
,6E+13,,Mary,Martinez,,,,
,6E+13,,Robert,Brown,,,,
,6E+13,,James,Johnson,,,,
,6E+13,,Robert,Garcia,,,,
,6E+13,,Emma,Williams,,,,
,6E+13,,Michael,Brown,,,,
,6E+13,,Jane,Smith,,,,
,6E+13,,Mary,Rodriguez,,,,
,6E+13,,Jane,Miller,,,,
,6E+13,,Robert,Johnson,,,,
,6E+13,,Mary,Davis,,,,
,6E+13,,Lisa,Jones,,,,
,6E+13,,David,Martinez,,,,
,6E+13,,Mary,Brown,,,,
,6E+13,,Sarah,Garcia,,,,
,6E+13,,Emma,Rodriguez,,,,
,6E+13,,James,Brown,,,,
,6E+13,,John,Smith,,,,
,6E+13,,Sarah,Brown,,,,
,6E+13,,Jane,Williams,,,,
,6E+13,,Robert,Jones,,,,
,6E+13,,David,Garcia,,,,
,6E+13,,Emma,Davis,,,,
,6E+13,,David,Johnson,,,,
,6E+13,,Sarah,Martinez,,,,
,6E+13,,James,Jones,,,,
,6E+13,,Sarah,Brown,,,,
,6E+13,,Robert,Davis,,,,
,6E+13,,Jane,Smith,,,,
,6E+13,,Robert,Martinez,,,,
,6E+13,,Mary,Davis,,,,
,6E+13,,Mary,Johnson,,,,
,6E+13,,Lisa,Martinez,,,,
,6E+13,,Lisa,Rodriguez,,,,
,6E+13,,Lisa,Smith,,,,
,6E+13,,Jane,Smith,,,,
,6E+13,,Jane,Williams,,,,
,6E+13,,Lisa,Jones,,,,
,6E+13,,Mary,Rodriguez,,,,
,6E+13,,James,Johnson,,,,
,6E+13,,Emma,Brown,,,,
,6E+13,,Jane,Martinez,,,,
,6E+13,,Mary,Johnson,,,,
,6E+13,,Mary,Brown,,,,
,6E+13,,Sarah,Rodriguez,,,,
,6E+13,,David,Garcia,,,,
,6E+13,,Sarah,Davis,,,,
,6E+13,,Mary,Johnson,,,,
,6E+13,,Emma,Jones,,,,
,6E+13,,John,Johnson,,,,
,6E+13,,Jane,Williams,,,,
,6E+13,,Emma,Davis,,,,
,6E+13,,Lisa,Jones,,,,
,6E+13,,Sarah,Garcia,,,,
,6E+13,,Mary,Garcia,,,,
,6E+13,,Michael,Garcia,,,,
,6E+13,,Robert,Martinez,,,,
,6E+13,,Emma,Rodriguez,,,,
,6E+13,,James,Miller,,,,
,6E+13,,James,Garcia,,,,
,6E+13,,Lisa,Brown,,,,
,6E+13,,James,Rodriguez,,,,
,6E+13,,Jane,Johnson,,,,
,6E+13,,Emma,Jones,,,,
,6E+13,,Robert,Williams,,,,
,6E+13,,Emma,Miller,,,,
,6E+13,,Emma,Brown,,,,
,6E+13,,Lisa,Davis,,,,
,6E+13,,Michael,Martinez,,,,
,6E+13,,James,Jones,,,,
,6E+13,,Michael,Rodriguez,,,,
,6E+13,,James,Rodriguez,,,,
,6E+13,,Mary,Jones,,,,
,6E+13,,John,Smith,,,,
,6E+13,,John,Rodriguez,,,,
,6E+13,,David,Williams,,,,
,6E+13,,Mary,Smith,,,,
,6E+13,,Jane,Jones,,,,
,6E+13,,Sarah,Rodriguez,,,,
,6E+13,,Michael,Brown,,,,
,6E+13,,Emma,Smith,,,,
,6E+13,,James,Williams,,,,
,6E+13,,John,Garcia,,,,
,6E+13,,James,Smith,,,,
,6E+13,,James,Rodriguez,,,,
,6E+13,,Sarah,Rodriguez,,,,
,6E+13,,Robert,Smith,,,,
,6E+13,,James,Miller,,,,
,6E+13,,Emma,Brown,,,,
,6E+13,,Jane,Williams,,,,
,6E+13,,Mary,Rodriguez,,,,
,6E+13,,David,Brown,,,,
,6E+13,,Emma,Martinez,,,,
,6E+13,,David,Garcia,,,,
,6E+13,,Mary,Garcia,,,,
,6E+13,,Sarah,Jones,,,,
,6E+13,,Mary,Brown,,,,
,6E+13,,James,Johnson,,,,
,6E+13,,Emma,Smith,,,,
,6E+13,,Emma,Miller,,,,
,6E+13,,Mary,Davis,,,,
,6E+13,,Mary,Davis,,,,
,6E+13,,Mary,Rodriguez,,,,
,6E+13,,Michael,Williams,,,,
,6E+13,,Emma,Brown,,,,
,6E+13,,Lisa,Williams,,,,
,6E+13,,Robert,Smith,,,,
,6E+13,,Emma,Brown,,,,
,6E+13,,Lisa,Davis,,,,
,6E+13,,John,Garcia,,,,
,6E+13,,Robert,Williams,,,,
,6E+13,,Robert,Smith,,,,
,6E+13,,Lisa,Brown,,,,
,6E+13,,Michael,Garcia,,,,
,6E+13,,David,Rodriguez,,,,
,6E+13,,David,Davis,,,,
,6E+13,,David,Smith,,,,
,6E+13,,Lisa,Smith,,,,
,6E+13,,Emma,Davis,,,,
,6E+13,,Jane,Johnson,,,,
,6E+13,,James,Jones,,,,
,6E+13,,David,Martinez,,,,
,6E+13,,James,Johnson,,,,
,6E+13,,Mary,Jones,,,,
,6E+13,,Robert,Williams,,,,
,6E+13,,Emma,Garcia,,,,
,6E+13,,Lisa,Johnson,,,,
,6E+13,,Robert,Rodriguez,,,,
,6E+13,,Emma,Smith,,,,
,6E+13,,Robert,Williams,,,,
,6E+13,,John,Williams,,,,
,6E+13,,David,Brown,,,,
,6E+13,,Lisa,Davis,,,,
,6E+13,,David,Martinez,,,,
,6E+13,,Lisa,Jones,,,,
,6E+13,,Mary,Davis,,,,
,6E+13,,Emma,Davis,,,,
,6E+13,,Jane,Williams,,,,
,6E+13,,Emma,Garcia,,,,
,6E+13,,Robert,Rodriguez,,,,
,6E+13,,Lisa,Brown,,,,
,6E+13,,Michael,Garcia,,,,
,6E+13,,John,Johnson,,,,
,6E+13,,Emma,Johnson,,,,
,6E+13,,Jane,Rodriguez,,,,
,6E+13,,Emma,Martinez,,,,
,6E+13,,Michael,Rodriguez,,,,
,6E+13,,David,Johnson,,,,
,6E+13,,John,Johnson,,,,
,6E+13,,Sarah,Brown,,,,
,6E+13,,Lisa,Rodriguez,,,,
,6E+13,,James,Williams,,,,
,6E+13,,John,Miller,,,,
,6E+13,,Michael,Garcia,,,,
,6E+13,,Jane,Rodriguez,,,,
,6E+13,,Emma,Jones,,,,
,6E+13,,Mary,Johnson,,,,
,6E+13,,Jane,Brown,,,,
,6E+13,,Robert,Smith,,,,
,6E+13,,Robert,Smith,,,,
,6E+13,,John,Davis,,,,
,6E+13,,Emma,Williams,,,,
,6E+13,,Emma,Williams,,,,
,6E+13,,Michael,Jones,,,,
,6E+13,,John,Miller,,,,
,6E+13,,John,Martinez,,,,
,6E+13,,James,Garcia,,,,
,6E+13,,Sarah,Williams,,,,
,6E+13,,Emma,Smith,,,,
,6E+13,,Emma,Miller,,,,
,6E+13,,Michael,Jones,,,,
,6E+13,,John,Brown,,,,
,6E+13,,Emma,Rodriguez,,,,
,6E+13,,David,Johnson,,,,
,6E+13,,Emma,Williams,,,,
,6E+13,,Emma,Rodriguez,,,,
,6E+13,,Jane,Davis,,,,
,6E+13,,John,Jones,,,,
,6E+13,,Emma,Martinez,,,,
,6E+13,,Robert,Smith,,,,
,6E+13,,James,Davis,,,,
,6E+13,,David,Brown,,,,
,6E+13,,David,Martinez,,,,
,6E+13,,John,Martinez,,,,
,6E+13,,David,Miller,,,,
,6E+13,,Sarah,Davis,,,,
,6E+13,,Mary,Martinez,,,,
,6E+13,,Mary,Davis,,,,
,6E+13,,James,Brown,,,,
,6E+13,,Lisa,Davis,,,,
,6E+13,,John,Martinez,,,,
,6E+13,,Michael,Smith,,,,
,6E+13,,John,Davis,,,,
,6E+13,,Sarah,Jones,,,,
,6E+13,,Robert,Miller,,,,
,6E+13,,James,Rodriguez,,,,
,6E+13,,David,Rodriguez,,,,
,6E+13,,John,Martinez,,,,
,6E+13,,David,Martinez,,,,
,6E+13,,Mary,Garcia,,,,
,6E+13,,Robert,Davis,,,,
,6E+13,,Sarah,Brown,,,,
,6E+13,,Sarah,Smith,,,,
,6E+13,,John,Smith,,,,
,6E+13,,James,Davis,,,,
,6E+13,,Sarah,Miller,,,,
,6E+13,,James,Rodriguez,,,,
,6E+13,,Lisa,Brown,,,,
,6E+13,,David,Williams,,,,
,6E+13,,Michael,Jones,,,,
,6E+13,,David,Johnson,,,,
,6E+13,,John,Rodriguez,,,,
,6E+13,,Jane,Smith,,,,
,6E+13,,Emma,Williams,,,,
,6E+13,,Emma,Garcia,,,,
,6E+13,,John,Brown,,,,
,6E+13,,Mary,Jones,,,,
,6E+13,,Emma,Jones,,,,
,6E+13,,Michael,Brown,,,,
,6E+13,,Michael,Davis,,,,
,6E+13,,Lisa,Jones,,,,
,6E+13,,Emma,Smith,,,,
,6E+13,,Sarah,Martinez,,,,
,6E+13,,Emma,Johnson,,,,
,6E+13,,Lisa,Rodriguez,,,,
,6E+13,,Emma,Williams,,,,
,6E+13,,David,Rodriguez,,,,
,6E+13,,Emma,Miller,,,,
,6E+13,,Michael,Johnson,,,,
,6E+13,,Jane,Martinez,,,,
,6E+13,,John,Martinez,,,,
,6E+13,,John,Davis,,,,
,6E+13,,Michael,Johnson,,,,
,6E+13,,James,Martinez,,,,
,6E+13,,Emma,Brown,,,,
,6E+13,,David,Rodriguez,,,,
,6E+13,,Mary,Jones,,,,
,6E+13,,Emma,Jones,,,,
,6E+13,,Mary,Johnson,,,,
,6E+13,,Jane,Brown,,,,
,6E+13,,Mary,Brown,,,,
,6E+13,,David,Rodriguez,,,,
,6E+13,,Michael,Davis,,,,
,6E+13,,Lisa,Rodriguez,,,,
,6E+13,,Michael,Martinez,,,,
,6E+13,,James,Garcia,,,,
,6E+13,,James,Johnson,,,,
,6E+13,,Mary,Miller,,,,
,6E+13,,David,Rodriguez,,,,
,6E+13,,Jane,Williams,,,,
,6E+13,,Jane,Davis,,,,
,6E+13,,Sarah,Martinez,,,,
,6E+13,,Robert,Rodriguez,,,,
,6E+13,,Mary,Rodriguez,,,,
,6E+13,,Emma,Miller,,,,
,6E+13,,Emma,Davis,,,,
,6E+13,,Robert,Rodriguez,,,,
,6E+13,,Emma,Davis,,,,
,6E+13,,John,Garcia,,,,
,6E+13,,David,Martinez,,,,
,6E+13,,Michael,Garcia,,,,
,6E+13,,John,Davis,,,,
,6E+13,,David,Rodriguez,,,,
,6E+13,,Robert,Smith,,,,
,6E+13,,Sarah,Rodriguez,,,,
,6E+13,,Mary,Williams,,,,
,6E+13,,Robert,Davis,,,,
,6E+13,,Lisa,Brown,,,,
,6E+13,,James,Martinez,,,,
,6E+13,,David,Jones,,,,
,6E+13,,Lisa,Garcia,,,,
,6E+13,,John,Garcia,,,,
,6E+13,,John,Williams,,,,
,6E+13,,Sarah,Johnson,,,,
,6E+13,,Jane,Williams,,,,
,6E+13,,Lisa,Garcia,,,,
,6E+13,,James,Miller,,,,
,6E+13,,Sarah,Martinez,,,,
,6E+13,,Mary,Davis,,,,
,6E+13,,Jane,Miller,,,,
,6E+13,,Michael,Brown,,,,
,6E+13,,John,Garcia,,,,
,6E+13,,Mary,Garcia,,,,
,6E+13,,Emma,Miller,,,,
,6E+13,,Jane,Williams,,,,
,6E+13,,Lisa,Johnson,,,,
,6E+13,,Lisa,Miller,,,,
,6E+13,,James,Smith,,,,
,6E+13,,Michael,Davis,,,,
,6E+13,,Robert,Martinez,,,,
,6E+13,,Mary,Williams,,,,
,6E+13,,Jane,Jones,,,,
,6E+13,,Emma,Miller,,,,
,6E+13,,David,Martinez,,,,
,6E+13,,Emma,Martinez,,,,
,6E+13,,Sarah,Johnson,,,,
,6E+13,,David,Garcia,,,,
,6E+13,,James,Davis,,,,
,6E+13,,Sarah,Miller,,,,
,6E+13,,Jane,Rodriguez,,,,
,6E+13,,John,Davis,,,,
,6E+13,,Lisa,Williams,,,,
,6E+13,,Sarah,Brown,,,,
,6E+13,,James,Brown,,,,
,6E+13,,David,Garcia,,,,
,6E+13,,Jane,Rodriguez,,,,
,6E+13,,Mary,Brown,,,,
,6E+13,,David,Jones,,,,
,6E+13,,Jane,Brown,,,,
,6E+13,,Emma,Jones,,,,
,6E+13,,Emma,Martinez,,,,
,6E+13,,John,Jones,,,,
,6E+13,,Mary,Johnson,,,,
,6E+13,,Robert,Martinez,,,,
,6E+13,,David,Williams,,,,
,6E+13,,Mary,Johnson,,,,
,6E+13,,Robert,Martinez,,,,
,6E+13,,Robert,Davis,,,,
,6E+13,,Michael,Brown,,,,
,6E+13,,John,Brown,,,,
,6E+13,,Sarah,Martinez,,,,
,6E+13,,Emma,Johnson,,,,
,6E+13,,David,Brown,,,,
,6E+13,,Jane,Miller,,,,
,6E+13,,Lisa,Rodriguez,,,,
,6E+13,,John,Jones,,,,
,6E+13,,Lisa,Jones,,,,
,6E+13,,Sarah,Martinez,,,,
,6E+13,,John,Miller,,,,
,6E+13,,Lisa,Martinez,,,,
,6E+13,,John,Martinez,,,,
,6E+13,,David,Smith,,,,
,6E+13,,John,Smith,,,,
,6E+13,,Robert,Martinez,,,,
,6E+13,,Mary,Martinez,,,,
,6E+13,,James,Jones,,,,
,6E+13,,James,Johnson,,,,
,6E+13,,Mary,Smith,,,,
,6E+13,,James,Rodriguez,,,,
,6E+13,,Lisa,Garcia,,,,
,6E+13,,Jane,Jones,,,,
,6E+13,,James,Rodriguez,,,,
,6E+13,,Jane,Jones,,,,
,6E+13,,Emma,Martinez,,,,
,6E+13,,John,Smith,,,,
,6E+13,,Lisa,Davis,,,,
,6E+13,,Robert,Jones,,,,
,6E+13,,Sarah,Garcia,,,,
,6E+13,,Michael,Miller,,,,
,6E+13,,Michael,Davis,,,,
,6E+13,,David,Brown,,,,
,6E+13,,Sarah,Williams,,,,
,6E+13,,Sarah,Garcia,,,,
,6E+13,,Mary,Davis,,,,
,6E+13,,Sarah,Jones,,,,
,6E+13,,Robert,Williams,,,,
,6E+13,,John,Brown,,,,
,6E+13,,Jane,Johnson,,,,
,6E+13,,Emma,Jones,,,,
,6E+13,,Michael,Williams,,,,
,6E+13,,Lisa,Smith,,,,
,6E+13,,Sarah,Jones,,,,
,6E+13,,Sarah,Jones,,,,
,6E+13,,Robert,Martinez,,,,
,6E+13,,Lisa,Johnson,,,,
,6E+13,,Lisa,Martinez,,,,
,6E+13,,Michael,Garcia,,,,
,6E+13,,Lisa,Johnson,,,,
,6E+13,,Michael,Smith,,,,
,6E+13,,Mary,Rodriguez,,,,
,6E+13,,Lisa,Brown,,,,
,6E+13,,Lisa,Davis,,,,
,6E+13,,Michael,Smith,,,,
,6E+13,,Jane,Garcia,,,,
,6E+13,,Lisa,Davis,,,,
,6E+13,,Robert,Miller,,,,
,6E+13,,James,Garcia,,,,
,6E+13,,Emma,Martinez,,,,
,6E+13,,Michael,Williams,,,,
,6E+13,,David,Jones,,,,
,6E+13,,Robert,Davis,,,,
,6E+13,,James,Garcia,,,,
,6E+13,,David,Brown,,,,
,6E+13,,Jane,Miller,,,,
,6E+13,,Robert,Garcia,,,,
,6E+13,,Michael,Brown,,,,
,6E+13,,John,Rodriguez,,,,
,6E+13,,David,Johnson,,,,
,6E+13,,Mary,Rodriguez,,,,
,6E+13,,Emma,Johnson,,,,
,6E+13,,Emma,Smith,,,,
,6E+13,,James,Rodriguez,,,,
,6E+13,,Robert,Garcia,,,,
,6E+13,,James,Williams,,,,
,6E+13,,Michael,Smith,,,,
,6E+13,,Emma,Davis,,,,
,6E+13,,Robert,Martinez,,,,
,6E+13,,James,Brown,,,,
,6E+13,,Sarah,Rodriguez,,,,
,6E+13,,David,Smith,,,,
,6E+13,,James,Miller,,,,
,6E+13,,Jane,Garcia,,,,
,6E+13,,Lisa,Miller,,,,
,6E+13,,Sarah,Garcia,,,,
,6E+13,,Sarah,Smith,,,,
,6E+13,,David,Johnson,,,,
,6E+13,,James,Martinez,,,,
,6E+13,,James,Miller,,,,
,6E+13,,Mary,Johnson,,,,
,6E+13,,Mary,Jones,,,,
,6E+13,,Robert,Johnson,,,,
,6E+13,,Lisa,Davis,,,,
,6E+13,,Lisa,Miller,,,,
,6E+13,,James,Williams,,,,
,6E+13,,David,Martinez,,,,
,6E+13,,John,Rodriguez,,,,
,6E+13,,Lisa,Garcia,,,,
,6E+13,,Michael,Martinez,,,,
,6E+13,,Emma,Martinez,,,,
,6E+13,,Jane,Johnson,,,,
,6E+13,,Lisa,Williams,,,,
,6E+13,,Mary,Brown,,,,
,6E+13,,Jane,Rodriguez,,,,
,6E+13,,James,Martinez,,,,
,6E+13,,Jane,Garcia,,,,
,6E+13,,Sarah,Williams,,,,
,6E+13,,Sarah,Smith,,,,
,6E+13,,Michael,Brown,,,,
,6E+13,,Robert,Jones,,,,
,6E+13,,Robert,Martinez,,,,
,6E+13,,David,Jones,,,,
,6E+13,,Emma,Garcia,,,,
,6E+13,,Lisa,Rodriguez,,,,
,6E+13,,Robert,Smith,,,,
,6E+13,,Sarah,Johnson,,,,
,6E+13,,James,Garcia,,,,
,6E+13,,Lisa,Martinez,,,,
,6E+13,,Jane,Miller,,,,
,6E+13,,James,Miller,,,,
,6E+13,,Sarah,Davis,,,,
,6E+13,,John,Jones,,,,
,6E+13,,Sarah,Brown,,,,
,6E+13,,John,Smith,,,,
,6E+13,,Lisa,Davis,,,,
,6E+13,,Sarah,Miller,,,,
,6E+13,,Emma,Davis,,,,
,6E+13,,Emma,Miller,,,,
,6E+13,,Lisa,Davis,,,,
,6E+13,,David,Jones,,,,
,6E+13,,David,Rodriguez,,,,
,6E+13,,Jane,Brown,,,,
,6E+13,,Robert,Martinez,,,,
,6E+13,,Emma,Jones,,,,
,6E+13,,Sarah,Johnson,,,,
,6E+13,,Michael,Davis,,,,
,6E+13,,Robert,Johnson,,,,
,6E+13,,David,Smith,,,,
,6E+13,,Robert,Davis,,,,
,6E+13,,Robert,Williams,,,,
,6E+13,,Mary,Brown,,,,
,6E+13,,Robert,Johnson,,,,
,6E+13,,Sarah,Jones,,,,
,6E+13,,Sarah,Brown,,,,
,6E+13,,Sarah,Garcia,,,,
,6E+13,,Michael,Miller,,,,
,6E+13,,Emma,Rodriguez,,,,
,6E+13,,Mary,Martinez,,,,
,6E+13,,Mary,Rodriguez,,,,
,6E+13,,Robert,Davis,,,,
,6E+13,,Emma,Davis,,,,
,6E+13,,Jane,Rodriguez,,,,
,6E+13,,Emma,Jones,,,,
,6E+13,,Jane,Martinez,,,,
,6E+13,,Lisa,Williams,,,,
,6E+13,,James,Jones,,,,
,6E+13,,Michael,Davis,,,,
,6E+13,,Robert,Rodriguez,,,,
,6E+13,,Michael,Rodriguez,,,,
,6E+13,,Jane,Rodriguez,,,,
,6E+13,,David,Brown,,,,
,6E+13,,David,BROWN,,,,
,6E+13,,Jane,Garcia,,,,
,6E+13,,Emma,Davis,,,,
,6E+13,,Emma,Garcia,,,,
,6E+13,,Lisa,Rodriguez,,,,
,6E+13,,Michael,Jones,,,,
,6E+13,,James,Davis,,,,
,6E+13,,Robert,Smith,,,,
,6E+13,,Michael,Garcia,,,,
,6E+13,,David,Martinez,,,,
,6E+13,,Jane,Jones,,,,
,6E+13,,David,Miller,,,,
,6E+13,,James,Brown,,,,
,6E+13,,Sarah,Johnson,,,,
,6E+13,,Emma,Jones,,,,
,6E+13,,Emma,Davis,,,,
,6E+13,,Mary,Davis,,,,
,6E+13,,David,Martinez,,,,
,6E+13,,Mary,Davis,,,,
,6E+13,,Robert,Williams,,,,
,6E+13,,David,Rodriguez,,,,
,6E+13,,Michael,Garcia,,,,
,6E+13,,Mary,Martinez,,,,
,6E+13,,Robert,Rodriguez,,,,
,6E+13,,James,Johnson,,,,
,6E+13,,Mary,Williams,,,,
,6E+13,,David,Williams,,,,
,6E+13,,John,Rodriguez,,,,
,6E+13,,Sarah,Williams,,,,
,6E+13,,Emma,Miller,,,,
,6E+13,,Lisa,Smith,,,,
,6E+13,,Emma,Smith,,,,
,6E+13,,Emma,Rodriguez,,,,
,6E+13,,Mary,Johnson,,,,
,6E+13,,John,Davis,,,,
,6E+13,,Lisa,Martinez,,,,
,6E+13,,John,Martinez,,,,
,6E+13,,Robert,Garcia,,,,
,6E+13,,Michael,Miller,,,,
,6E+13,,Emma,Brown,,,,
,6E+13,,Sarah,Martinez,,,,
,6E+13,,Mary,Rodriguez,,,,
,6E+13,,Robert,Martinez,,,,
,6E+13,,James,Smith,,,,
,6E+13,,Sarah,Johnson,,,,
,6E+13,,David,Rodriguez,,,,
,6E+13,,Emma,Jones,,,,
,6E+13,,Sarah,Martinez,,,,
,6E+13,,Emma,Williams,,,,
,6E+13,,John,Garcia,,,,
,6E+13,,Lisa,Davis,,,,
,6E+13,,Sarah,Rodriguez,,,,
,6E+13,,David,Smith,,,,
,6E+13,,Mary,Garcia,,,,
,6E+13,,James,Williams,,,,
,6E+13,,Emma,Rodriguez,,,,
,6E+13,,David,Johnson,,,,
,6E+13,,Robert,Garcia,,,,
,6E+13,,James,Williams,,,,
,6E+13,,Lisa,Davis,,,,
,6E+13,,James,Miller,,,,
,6E+13,,James,Miller,,,,
,6E+13,,David,Martinez,,,,
,6E+13,,Lisa,Davis,,,,
,6E+13,,John,Brown,,,,
,6E+13,,Mary,Miller,,,,
,6E+13,,Robert,Smith,,,,
,6E+13,,Robert,Miller,,,,
,6E+13,,Emma,Jones,,,,
,6E+13,,Sarah,DAVIS,,,,
,6E+13,,David,Rodriguez,,,,
,6E+13,,David,Davis,,,,
,6E+13,,Sarah,Brown,,,,
,6E+13,,Emma,Miller,,,,
,6E+13,,Sarah,Martinez,,,,
,6E+13,,Jane,Brown,,,,
,6E+13,,James,Brown,,,,
,6E+13,,Emma,Davis,,,,
,6E+13,,Robert,Rodriguez,,,,
,6E+13,,Emma,Williams,,,,
,6E+13,,Jane,Davis,,,,
,6E+13,,Sarah,Davis,,,,
,6E+13,,Robert,Miller,,,,
,6E+13,,Emma,Martinez,,,,
,6E+13,,John,Martinez,,,,
,6E+13,,David,Rodriguez,,,,
,6E+13,,Emma,Johnson,,,,
,6E+13,,Michael,Martinez,,,,
,6E+13,,Emma,Martinez,,,,
,6E+13,,Lisa,Rodriguez,,,,
,6E+13,,Sarah,Davis,,,,
,6E+13,,Michael,Davis,,,,
,6E+13,,Sarah,Miller,,,,
,6E+13,,Mary,Miller,,,,
,6E+13,,Jane,Garcia,,,,
,6E+13,,Emma,Jones,,,,
,6E+13,,James,Smith,,,,
,6E+13,,John,Martinez,,,,
,6E+13,,Emma,Jones,,,,
,6E+13,,Jane,Jones,,,,
,6E+13,,Mary,Jones,,,,
,6E+13,,test,TEST,,,,
,6E+13,,Jane,Miller,,,,
,6E+13,,Emma,Davis,,,,
,6E+13,,James,Garcia,,,,
,6E+13,,Jane,Davis,,,,
,6E+13,,Emma,Brown,,,,
,6E+13,,Lisa,Jones,,,,
,6E+13,,Michael,Jones,,,,
,6E+13,,Jane,Johnson,,,,
,6E+13,,Sarah,Miller,,,,
,6E+13,,Lisa,Brown,,,,
,6E+13,,Jane,Smith,,,,
,6E+13,,David,Garcia,,,,
,6E+13,,John,Johnson,,,,
,6E+13,,Mary,Johnson,,,,
,6E+13,,John,Miller,,,,
,6E+13,,Sarah,Miller,,,,
,6E+13,,Mary,Smith,,,,
,6E+13,,Michael,Williams,,,,
,6E+13,,David,Smith,,,,
,6E+13,,Sarah,Rodriguez,,,,
,6E+13,,Jane,Brown,,,,
,6E+13,,Michael,Garcia,,,,
,6E+13,,Emma,Brown,,,,
,6E+13,,James,Garcia,,,,
,6E+13,,Sarah,Martinez,,,,
,6E+13,,Lisa,Johnson,,,,
,6E+13,,John,Miller,,,,
,6E+13,,Lisa,Johnson,,,,
,6E+13,,David,Jones,,,,
,6E+13,,Jane,Smith,,,,
,6E+13,,James,Rodriguez,,,,
,6E+13,,Robert,Johnson,,,,
,6E+13,,Robert,Smith,,,,
,6E+13,,Jane,Davis,,,,
,6E+13,,Mary,Garcia,,,,
,6E+13,,Robert,Miller,,,,
,6E+13,,Jane,Davis,,,,
,6E+13,,Michael,Miller,,,,
,6E+13,,Lisa,Smith,,,,
,6E+13,,John,Miller,,,,
,6E+13,,Michael,Miller,,,,
,6E+13,,Emma,Davis,,,,
,6E+13,,James,Jones,,,,
,6E+13,,Sarah,Miller,,,,
,6E+13,,Robert,Garcia,,,,
,6E+13,,John,Jones,,,,
,6E+13,,Lisa,Brown,,,,
,6E+13,,Lisa,Garcia,,,,
,6E+13,,David,Jones,,,,
,6E+13,,Sarah,Williams,,,,
,6E+13,,Jane,Brown,,,,
,6E+13,,David,Garcia,,,,
,6E+13,,Lisa,Rodriguez,,,,
,6E+13,,Michael,Miller,,,,
,6E+13,,Lisa,Jones,,,,
,6E+13,,Mary,Davis,,,,
,6E+13,,Robert,Smith,,,,
,6E+13,,Jane,Jones,,,,
,6E+13,,Sarah,Johnson,,,,
,6E+13,,Mary,Johnson,,,,
,6E+13,,James,Johnson,,,,
,6E+13,,James,Martinez,,,,
,6E+13,,Sarah,Johnson,,,,
,6E+13,,Lisa,Johnson,,,,
,6E+13,,David,Johnson,,,,
,6E+13,,Robert,Rodriguez,,,,
,6E+13,,Jane,Garcia,,,,
,6E+13,,Robert,Smith,,,,
,6E+13,,Michael,Johnson,,,,
,6E+13,,Mary,Brown,,,,
,6E+13,,Michael,Brown,,,,
,6E+13,,John,Rodriguez,,,,
,6E+13,,Emma,Brown,,,,
,6E+13,,Sarah,Johnson,,,,
,6E+13,,James,Martinez,,,,
,6E+13,,Robert,Garcia,,,,
,6E+13,,Sarah,Williams,,,,
,6E+13,,David,Rodriguez,,,,
,6E+13,,Lisa,Martinez,,,,
,6E+13,,David,Jones,,,,
,6E+13,,John,Garcia,,,,
,6E+13,,Michael,Brown,,,,
,6E+13,,Lisa,Brown,,,,
,6E+13,,Lisa,Davis,,,,
,6E+13,,David,Martinez,,,,
,6E+13,,Robert,Martinez,,,,
,6E+13,,David,Brown,,,,
,6E+13,,James,Smith,,,,
,6E+13,,John,Martinez,,,,
,6E+13,,Emma,Jones,,,,
,6E+13,,Jane,Rodriguez,,,,
,6E+13,,Sarah,Davis,,,,
,6E+13,,Lisa,Davis,,,,
,6E+13,,Lisa,Rodriguez,,,,
,6E+13,,Robert,Smith,,,,
,6E+13,,Emma,Davis,,,,
,6E+13,,Jane,Davis,,,,
,6E+13,,James,Johnson,,,,
,6E+13,,Lisa,Davis,,,,
,6E+13,,Emma,Davis,,,,
,6E+13,,David,Rodriguez,,,,
,6E+13,,James,Miller,,,,
,6E+13,,Emma,Davis,,,,
,6E+13,,Sarah,Brown,,,,
,6E+13,,Jane,Miller,,,,
,6E+13,,James,Jones,,,,
,6E+13,,Jane,Brown,,,,
,6E+13,,Mary,Davis,,,,
,6E+13,,John,Davis,,,,
,6E+13,,John,Jones,,,,
,6E+13,,Sarah,Williams,,,,
,6E+13,,Emma,Martinez,,,,
,6E+13,,John,Martinez,,,,
,6E+13,,Mary,Martinez,,,,
,6E+13,,David,Rodriguez,,,,
,6E+13,,Sarah,Smith,,,,
,6E+13,,Mary,Smith,,,,
,6E+13,,Robert,Martinez,,,,
,6E+13,,Lisa,Garcia,,,,
,6E+13,,James,Jones,,,,
,6E+13,,John,Williams,,,,
,6E+13,,John,Williams,,,,
,6E+13,,Robert,Williams,,,,
,6E+13,,James,Jones,,,,
,6E+13,,Mary,Davis,,,,
,6E+13,,Michael,Martinez,,,,
,6E+13,,Mary,Brown,,,,
,6E+13,,Robert,Smith,,,,
,6E+13,,James,Jones,,,,
,6E+13,,David,Martinez,,,,
,6E+13,,Mary,Brown,,,,
,6E+13,,Michael,Johnson,,,,
,6E+13,,Jane,Rodriguez,,,,
,6E+13,,Jane,Miller,,,,
,6E+13,,test,TEST,,,,
,6E+13,,Lisa,Brown,,,,
,6E+13,,Robert,Rodriguez,,,,
,6E+13,,Lisa,Jones,,,,
,6E+13,,Jane,Williams,,,,
,6E+13,,Michael,Martinez,,,,
,6E+13,,Robert,Davis,,,,
,6E+13,,Lisa,Rodriguez,,,,
,6E+13,,Sarah,Davis,,,,
,6E+13,,Jane,Smith,,,,
,6E+13,,Jane,Rodriguez,,,,
,6E+13,,Robert,Garcia,,,,
,6E+13,,Michael,Brown,,,,
,6E+13,,David,Miller,,,,
,6E+13,,Sarah,Williams,,,,
,6E+13,,Lisa,Jones,,,,
,6E+13,,James,Johnson,,,,
,6E+13,,Michael,Miller,,,,
,6E+13,,Robert,Williams,,,,
,6E+13,,Michael,Brown,,,,
,6E+13,,Michael,Brown,,,,
,6E+13,,John,Smith,,,,
,6E+13,,Michael,Smith,,,,
,6E+13,,Robert,Johnson,,,,
,6E+13,,Lisa,Rodriguez,,,,
,6E+13,,Mary,Rodriguez,,,,
,6E+13,,David,Garcia,,,,
,6E+13,,Michael,Johnson,,,,
,6E+13,,Jane,Rodriguez,,,,
,6E+13,,Lisa,Garcia,,,,
,6E+13,,Mary,Smith,,,,
,6E+13,,John,Martinez,,,,
,6E+13,,Jane,Davis,,,,
,6E+13,,Emma,Jones,,,,
,6E+13,,John,Miller,,,,
,6E+13,,Michael,Jones,,,,
,6E+13,,John,Davis,,,,
,6E+13,,Robert,Johnson,,,,
,6E+13,,Robert,Johnson,,,,
,6E+13,,Emma,Miller,,,,
,6E+13,,Emma,Smith,,,,
,6E+13,,David,Smith,,,,
,6E+13,,Robert,Smith,,,,
,6E+13,,James,Williams,,,,
,6E+13,,Sarah,Martinez,,,,
,6E+13,,Lisa,Martinez,,,,
,6E+13,,Mary,Miller,,,,
,6E+13,,Michael,Smith,,,,
,6E+13,,John,Miller,,,,
,6E+13,,Emma,Smith,,,,
,6E+13,,Jane,Garcia,,,,
,6E+13,,Robert,Brown,,,,
,6E+13,,Jane,Garcia,,,,
,6E+13,,John,Rodriguez,,,,
,6E+13,,James,Davis,,,,
,6E+13,,John,Williams,,,,
,6E+13,,Jane,Miller,,,,
,6E+13,,Lisa,Brown,,,,
,6E+13,,Sarah,Miller,,,,
,6E+13,,Mary,Brown,,,,
,6E+13,,Emma,Davis,,,,
,6E+13,,John,Williams,,,,
,6E+13,,Emma,Miller,,,,
,6E+13,,David,Williams,,,,
,6E+13,,Mary,Johnson,,,,
,6E+13,,Sarah,Rodriguez,,,,
,6E+13,,Mary,Martinez,,,,
,6E+13,,Lisa,Davis,,,,
,6E+13,,Emma,Garcia,,,,
,6E+13,,James,Jones,,,,
,6E+13,,Jane,Martinez,,,,
,6E+13,,Robert,Martinez,,,,
,6E+13,,Emma,Brown,,,,
,6E+13,,Michael,Rodriguez,,,,
,6E+13,,Mary,Brown,,,,
,6E+13,,Jane,Smith,,,,
,6E+13,,Emma,Garcia,,,,
,6E+13,,Robert,Williams,,,,
,6E+13,,Robert,Garcia,,,,
,6E+13,,Michael,Johnson,,,,
,6E+13,,Jane,Garcia,,,,
,6E+13,,Robert,Garcia,,,,
,6E+13,,David,Garcia,,,,
,6E+13,,Mary,Rodriguez,,,,
,6E+13,,Sarah,Miller,,,,
,6E+13,,Jane,Miller,,,,
,6E+13,,John,Williams,,,,
,6E+13,,Emma,Williams,,,,
,6E+13,,Sarah,Williams,,,,
,6E+13,,Emma,Williams,,,,
,6E+13,,Sarah,Miller,,,,
,6E+13,,Emma,Jones,,,,
,6E+13,,Mary,Smith,,,,
,6E+13,,David,Martinez,,,,
,6E+13,,David,Williams,,,,
,6E+13,,Lisa,Martinez,,,,
,6E+13,,Jane,Williams,,,,
,6E+13,,John,Jones,,,,
,6E+13,,Emma,Johnson,,,,
,6E+13,,Jane,Davis,,,,
,6E+13,,John,Davis,,,,
,6E+13,,David,Johnson,,,,
,6E+13,,Jane,Davis,,,,
,6E+13,,John,Williams,,,,
,6E+13,,Mary,Davis,,,,
,6E+13,,John,Williams,,,,
,6E+13,,Robert,Martinez,,,,
,6E+13,,Jane,Smith,,,,
,6E+13,,Emma,Garcia,,,,
,6E+13,,test,TEST,,,,
,6E+13,,Lisa,Martinez,,,,
,6E+13,,Jane,Johnson,,,,
,6E+13,,David,Johnson,,,,
,6E+13,,Jane,Garcia,,,,
,6E+13,,David,Brown,,,,
,6E+13,,Emma,Johnson,,,,
,6E+13,,James,Jones,,,,
,6E+13,,James,Brown,,,,
,6E+13,,Emma,Jones,,,,
,6E+13,,James,Miller,,,,
,6E+13,,Robert,Martinez,,,,
,6E+13,,Emma,Johnson,,,,
,6E+13,,Emma,Davis,,,,
,6E+13,,Emma,Williams,,,,
,6E+13,,Lisa,Brown,,,,
,6E+13,,Michael,Garcia,,,,
,6E+13,,James,Miller,,,,
,6E+13,,Jane,Garcia,,,,
,6E+13,,John,Smith,,,,
,6E+13,,Emma,Brown,,,,
,6E+13,,Sarah,Garcia,,,,
,6E+13,,Jane,Martinez,,,,
,6E+13,,David,Brown,,,,
,6E+13,,Jane,Miller,,,,
,6E+13,,John,Williams,,,,
,6E+13,,James,Garcia,,,,
,6E+13,,Mary,Miller,,,,
,6E+13,,Robert,Martinez,,,,
,6E+13,,Mary,Johnson,,,,
,6E+13,,Jane,Martinez,,,,
,6E+13,,Jane,Garcia,,,,
,6E+13,,Sarah,Smith,,,,
,6E+13,,Mary,Miller,,,,
,6E+13,,David,Johnson,,,,
,6E+13,,Mary,Rodriguez,,,,
,6E+13,,Mary,Brown,,,,
,6E+13,,James,Davis,,,,
,6E+13,,Mary,Martinez,,,,
,6E+13,,David,Davis,,,,
,6E+13,,Mary,Miller,,,,
,6E+13,,Michael,Garcia,,,,
,6E+13,,David,Brown,,,,
,6E+13,,Jane,Davis,,,,
,6E+13,,John,Miller,,,,
,6E+13,,Lisa,Smith,,,,
,6E+13,,Mary,Garcia,,,,
,6E+13,,Emma,Johnson,,,,
,6E+13,,Lisa,Miller,,,,
,6E+13,,Sarah,Johnson,,,,
,6E+13,,Robert,Davis,,,,
,6E+13,,Emma,Martinez,,,,
,6E+13,,Mary,Williams,,,,
,6E+13,,Mary,Garcia,,,,
,6E+13,,David,Davis,,,,
,6E+13,,Emma,Rodriguez,,,,
,6E+13,,Lisa,Smith,,,,
,6E+13,,Michael,Davis,,,,
,6E+13,,Sarah,Jones,,,,
,6E+13,,Emma,Williams,,,,
,6E+13,,James,Brown,,,,
,6E+13,,David,Johnson,,,,
,6E+13,,Lisa,Smith,,,,
,6E+13,,Mary,Davis,,,,
,6E+13,,Michael,Martinez,,,,
,6E+13,,Michael,Martinez,,,,
,6E+13,,James,Miller,,,,
,6E+13,,David,Williams,,,,
,6E+13,,Lisa,Williams,,,,
,6E+13,,Jane,Jones,,,,
,6E+13,,Lisa,Rodriguez,,,,
,6E+13,,James,Miller,,,,
,6E+13,,Lisa,Jones,,,,
,6E+13,,Sarah,Smith,,,,
,6E+13,,David,Jones,,,,
,6E+13,,Robert,Brown,,,,
,6E+13,,David,Davis,,,,
,6E+13,,Mary,Martinez,,,,
,6E+13,,Lisa,Miller,,,,
,6E+13,,Emma,Williams,,,,
,6E+13,,Emma,Miller,,,,
,6E+13,,John,Smith,,,,
,6E+13,,Emma,Miller,,,,
,6E+13,,John,Miller,,,,
,6E+13,,James,Davis,,,,
,6E+13,,Sarah,Rodriguez,,,,
,6E+13,,Lisa,Rodriguez,,,,
,6E+13,,James,Johnson,,,,
,6E+13,,John,Rodriguez,,,,
,6E+13,,Robert,Williams,,,,
,6E+13,,John,Garcia,,,,
,6E+13,,David,Miller,,,,
,6E+13,,John,Garcia,,,,
,6E+13,,John,Brown,,,,
,6E+13,,Jane,Johnson,,,,
,6E+13,,David,Williams,,,,
,6E+13,,John,Johnson,,,,
,6E+13,,Emma,Johnson,,,,
,6E+13,,Emma,Martinez,,,,
,6E+13,,Emma,Brown,,,,
,6E+13,,James,Johnson,,,,
,6E+13,,Jane,Johnson,,,,
,6E+13,,Mary,Brown,,,,
,6E+13,,David,Miller,,,,
,6E+13,,James,Garcia,,,,
,6E+13,,Lisa,Davis,,,,
,6E+13,,Mary,Brown,,,,
,6E+13,,Mary,Johnson,,,,
,6E+13,,Michael,Rodriguez,,,,
,6E+13,,Mary,Williams,,,,
,6E+13,,James,Smith,,,,
,6E+13,,Robert,Johnson,,,,
,6E+13,,Robert,Martinez,,,,
,6E+13,,Lisa,Miller,,,,
,6E+13,,testSon,TESTSON,,,,
,6E+13,,testParent,TESTPARENT,,,,
,6E+13,,Jane,Martinez,,,,
,6E+13,,John,Martinez,,,,
,6E+13,,Emma,Brown,,,,
,6E+13,,Emma,Williams,,,,
,6E+13,,Michael,Smith,,,,
,6E+13,,Lisa,Garcia,,,,
,6E+13,,Lisa,Jones,,,,
,6E+13,,David,Martinez,,,,
,6E+13,,Jane,Martinez,,,,
,6E+13,,James,Martinez,,,,
,6E+13,,James,Martinez,,,,
,6E+13,,Lisa,Williams,,,,
,6E+13,,John,Williams,,,,
,6E+13,,Sarah,Jones,,,,
,6E+13,,Sarah,Rodriguez,,,,
,6E+13,,Robert,Johnson,,,,
,6E+13,,Michael,Miller,,,,
,6E+13,,Lisa,Davis,,,,
,6E+13,,Mary,Jones,,,,
,6E+13,,John,Johnson,,,,
,6E+13,,Sarah,Garcia,,,,
,6E+13,,Emma,Rodriguez,,,,
,6E+13,,David,Garcia,,,,
,6E+13,,Jane,Johnson,,,,
,6E+13,,Mary,Davis,,,,
,6E+13,,Robert,Martinez,,,,
,6E+13,,Sarah,Rodriguez,,,,
,6E+13,,John,Miller,,,,
,6E+13,,James,Rodriguez,,,,
,6E+13,,Sarah,Johnson,,,,
,6E+13,,Robert,Jones,,,,
,6E+13,,James,Davis,,,,
,6E+13,,David,Miller,,,,
,6E+13,,James,Martinez,,,,
,6E+13,,Lisa,Brown,,,,
,6E+13,,Jane,Davis,,,,
,6E+13,,Sarah,Miller,,,,
,6E+13,,David,Johnson,,,,
,6E+13,,James,Williams,,,,
,6E+13,,Robert,Smith,,,,
,6E+13,,Michael,Jones,,,,
,6E+13,,John,Johnson,,,,
,6E+13,,Lisa,Miller,,,,
,6E+13,,Emma,Garcia,,,,
,6E+13,,Robert,Davis,,,,
,6E+13,,Robert,Brown,,,,
,6E+13,,David,Brown,,,,
,6E+13,,David,Smith,,,,
,6E+13,,Robert,Miller,,,,
,6E+13,,Sarah,Jones,,,,
,6E+13,,James,Johnson,,,,
,6E+13,,Jane,Jones,,,,
,6E+13,,Jane,Smith,,,,
,6E+13,,Robert,Davis,,,,
,6E+13,,Jane,Garcia,,,,
,6E+13,,Emma,Jones,,,,
,6E+13,,Mary,Smith,,,,
,6E+13,,Lisa,Davis,,,,
,6E+13,,Michael,Williams,,,,
,6E+13,,Sarah,Garcia,,,,
,6E+13,,Lisa,Garcia,,,,
,6E+13,,John,Rodriguez,,,,
,6E+13,,John,Martinez,,,,
,6E+13,,Robert,Williams,,,,
,6E+13,,Robert,Davis,,,,
,6E+13,,Mary,Williams,,,,
,6E+13,,James,Williams,,,,
,6E+13,,David,Martinez,,,,
,6E+13,,Emma,Davis,,,,
,6E+13,,Michael,Brown,,,,
,6E+13,,David,Martinez,,,,
,6E+13,,Jane,Garcia,,,,
,6E+13,,James,Smith,,,,
,6E+13,,Michael,Smith,,,,
,6E+13,,Lisa,Davis,,,,
,6E+13,,Michael,Brown,,,,
,6E+13,,David,Davis,,,,
,6E+13,,Jane,Martinez,,,,
,6E+13,,Emma,Rodriguez,,,,
,6E+13,,Robert,Johnson,,,,
,6E+13,,Robert,Martinez,,,,
,6E+13,,David,Smith,,,,
,6E+13,,Lisa,Garcia,,,,
,6E+13,,Emma,Rodriguez,,,,
,6E+13,,David,Williams,,,,
,6E+13,,Michael,Martinez,,,,
,6E+13,,Jane,Brown,,,,
,6E+13,,Lisa,Davis,,,,
,6E+13,,Robert,Davis,,,,
,6E+13,,Michael,Johnson,,,,
,6E+13,,Emma,Smith,,,,
,6E+13,,Jane,Martinez,,,,
,6E+13,,test,TEST,,,,
,6E+13,,test,TEST,,,,
,6E+13,,Michael,Brown,,,,
,6E+13,,Emma,Davis,,,,
,6E+13,,Mary,Davis,,,,
,6E+13,,David,Garcia,,,,
,6E+13,,Robert,Miller,,,,
,6E+13,,Robert,Garcia,,,,
,6E+13,,James,Miller,,,,
,6E+13,,Michael,Miller,,,,
,6E+13,,David,Garcia,,,,
,6E+13,,James,Johnson,,,,
,6E+13,,John,Jones,,,,
,6E+13,,Jane,Brown,,,,
,6E+13,,Sarah,Jones,,,,
,6E+13,,Mary,Smith,,,,
,6E+13,,Jane,Smith,,,,
,6E+13,,Michael,Brown,,,,
,6E+13,,James,Jones,,,,
,6E+13,,Jane,Williams,,,,
,6E+13,,James,Rodriguez,,,,
,6E+13,,David,Williams,,,,
,6E+13,,Sarah,Smith,,,,
,6E+13,,Emma,Williams,,,,
,6E+13,,James,Brown,,,,
,6E+13,,Lisa,Davis,,,,
,6E+13,,Jane,Brown,,,,
,6E+13,,Lisa,Brown,,,,
,6E+13,,Mary,Smith,,,,
,6E+13,,Sarah,Martinez,,,,
,6E+13,,Robert,Brown,,,,
,6E+13,,Mary,Garcia,,,,
,6E+13,,Jane,Rodriguez,,,,
,6E+13,,Emma,Williams,,,,
,6E+13,,John,Williams,,,,
,6E+13,,Emma,Rodriguez,,,,
,6E+13,,Jane,Garcia,,,,
,6E+13,,Sarah,Johnson,,,,
,6E+13,,John,Jones,,,,
,6E+13,,Robert,Rodriguez,,,,
,6E+13,,David,Johnson,,,,
,6E+13,,Mary,Martinez,,,,
,6E+13,,Lisa,Brown,,,,
,6E+13,,Michael,Brown,,,,
,6E+13,,John,Davis,,,,
,6E+13,,David,Martinez,,,,
,6E+13,,Jane,Johnson,,,,
,6E+13,,Sarah,Jones,,,,
,6E+13,,Mary,Johnson,,,,
,6E+13,,Sarah,Smith,,,,
,6E+13,,David,Johnson,,,,
,6E+13,,John,Jones,,,,
,6E+13,,Mary,Rodriguez,,,,
,6E+13,,John,Johnson,,,,
,6E+13,,Robert,Martinez,,,,
,6E+13,,Sarah,Smith,,,,
,6E+13,,Michael,Johnson,,,,
,6E+13,,James,Jones,,,,
,6E+13,,Emma,Rodriguez,,,,
,6E+13,,John,Williams,,,,
,6E+13,,David,Smith,,,,
,6E+13,,David,Smith,,,,
,6E+13,,John,Johnson,,,,
,6E+13,,Jane,Miller,,,,
,6E+13,,Jane,Smith,,,,
,6E+13,,David,Jones,,,,
,6E+13,,Sarah,Garcia,,,,
,6E+13,,test P,TEST P,,,,
,6E+13,,test1,TEST2,,,,
,6E+13,,John,Davis,,,,
,6E+13,,Lisa,Garcia,,,,
,6E+13,,Sarah,Miller,,,,
,6E+13,,Michael,Rodriguez,,,,
,6E+13,,Emma,Smith,,,,
,6E+13,,John,Johnson,,,,
,6E+13,,Jane,Garcia,,,,
,6E+13,,David,Miller,,,,
,6E+13,,Lisa,Martinez,,,,
,6E+13,,Lisa,Williams,,,,
,6E+13,,Lisa,Martinez,,,,
,6E+13,,David,Miller,,,,
,6E+13,,John,Smith,,,,
,6E+13,,John,Brown,,,,
,6E+13,,James,Jones,,,,
,6E+13,,Michael,Smith,,,,
,6E+13,,Robert,Williams,,,,
,6E+13,,Sarah,Jones,,,,
,6E+13,,Robert,Williams,,,,
,6E+13,,Lisa,Jones,,,,
,6E+13,,John,Williams,,,,
,6E+13,,Emma,Martinez,,,,
,6E+13,,Mary,Davis,,,,
,6E+13,,Emma,Jones,,,,
,6E+13,,Mary,Garcia,,,,
,6E+13,,John,Davis,,,,
,6E+13,,James,Martinez,,,,
,6E+13,,James,Smith,,,,
,6E+13,,James,Williams,,,,
,6E+13,,Lisa,Smith,,,,
,6E+13,,Lisa,Garcia,,,,
,6E+13,,David,Brown,,,,
,6E+13,,Jane,Garcia,,,,
,6E+13,,James,Davis,,,,
,6E+13,,Mary,Johnson,,,,
,6E+13,,Emma,Davis,,,,
,6E+13,,James,Garcia,,,,
,6E+13,,John,Davis,,,,
,6E+13,,John,Smith,,,,
,6E+13,,Robert,Smith,,,,
,6E+13,,Sarah,Garcia,,,,
,6E+13,,Lisa,Davis,,,,
,6E+13,,Michael,Brown,,,,
,6E+13,,Emma,Martinez,,,,
,6E+13,,Jane,Rodriguez,,,,
,6E+13,,Michael,Williams,,,,
,6E+13,,Lisa,Garcia,,,,
,6E+13,,Lisa,Rodriguez,,,,
,6E+13,,John,Rodriguez,,,,
,6E+13,,John,Johnson,,,,
,6E+13,,James,Jones,,,,
,6E+13,,Mary,Williams,,,,
,6E+13,,Emma,Rodriguez,,,,
,6E+13,,Jane,Miller,,,,
,6E+13,,David,Johnson,,,,
,6E+13,,Michael,Garcia,,,,
,6E+13,,Mary,Jones,,,,
,6E+13,,Mary,Martinez,,,,
,6E+13,,Robert,Williams,,,,
,6E+13,,Lisa,Garcia,,,,
,6E+13,,Jane,Johnson,,,,
,6E+13,,Emma,Rodriguez,,,,
,6E+13,,Mary,Williams,,,,
,6E+13,,David,Jones,,,,
,6E+13,,Emma,Williams,,,,
,6E+13,,Jane,Martinez,,,,
,6E+13,,Michael,Jones,,,,
,6E+13,,Sarah,Rodriguez,,,,
,6E+13,,Jane,Williams,,,,
,6E+13,,Sarah,Davis,,,,
,6E+13,,Mary,Martinez,,,,
,6E+13,,Sarah,Rodriguez,,,,
,6E+13,,Lisa,Martinez,,,,
,6E+13,,Emma,Jones,,,,
,6E+13,,Emma,Williams,,,,
,6E+13,,Lisa,Brown,,,,
,6E+13,,Emma,Miller,,,,
,6E+13,,Lisa,Miller,,,,
,6E+13,,James,Johnson,,,,
,6E+13,,Emma,Smith,,,,
,6E+13,,James,Johnson,,,,
,6E+13,,David,Smith,,,,
,6E+13,,Michael,Jones,,,,
,6E+13,,David,Smith,,,,
,6E+13,,James,Johnson,,,,
,6E+13,,Jane,Davis,,,,
,6E+13,,Emma,Smith,,,,
,6E+13,,Robert,Martinez,,,,
,6E+13,,Robert,Johnson,,,,
,6E+13,,James,Johnson,,,,
,6E+13,,John,Brown,,,,
,6E+13,,David,Miller,,,,
,6E+13,,Robert,Smith,,,,
,6E+13,,Mary,Williams,,,,
,6E+13,,Michael,Martinez,,,,
,6E+13,,Emma,Williams,,,,
,6E+13,,Jane,Jones,,,,
,6E+13,,Emma,Jones,,,,
,6E+13,,John,Garcia,,,,
,6E+13,,Emma,Martinez,,,,
,6E+13,,Mary,Brown,,,,
,6E+13,,John,Johnson,,,,
,6E+13,,Michael,Brown,,,,
,6E+13,,Emma,Brown,,,,
,6E+13,,David,Davis,,,,
,6E+13,,Emma,Brown,,,,
,6E+13,,James,Rodriguez,,,,
,6E+13,,Sarah,Williams,,,,
,6E+13,,Sarah,Garcia,,,,
,6E+13,,Emma,Miller,,,,
,6E+13,,James,Martinez,,,,
,6E+13,,Sarah,Rodriguez,,,,
,6E+13,,James,Davis,,,,
,6E+13,,Emma,Brown,,,,
,6E+13,,James,Brown,,,,
,6E+13,,Jane,Miller,,,,
,6E+13,,Michael,Williams,,,,
,6E+13,,David,Johnson,,,,
,6E+13,,John,Smith,,,,
,6E+13,,Lisa,Johnson,,,,
,6E+13,,Robert,Williams,,,,
,6E+13,,Michael,Miller,,,,
,6E+13,,Lisa,Martinez,,,,
,6E+13,,Robert,Rodriguez,,,,
,6E+13,,Mary,Brown,,,,
,6E+13,,John,Garcia,,,,
,6E+13,,Mary,Johnson,,,,
,6E+13,,Sarah,Martinez,,,,
,6E+13,,James,Garcia,,,,
,6E+13,,Mary,Garcia,,,,
,6E+13,,John,Williams,,,,
,6E+13,,Jane,Davis,,,,
,6E+13,,Robert,Garcia,,,,
,6E+13,,Jane,Miller,,,,
,6E+13,,Lisa,Davis,,,,
,6E+13,,Robert,Rodriguez,,,,
,6E+13,,Mary,Martinez,,,,
,6E+13,,David,Williams,,,,
,6E+13,,David,Johnson,,,,
,6E+13,,Mary,Martinez,,,,
,6E+13,,John,Williams,,,,
,6E+13,,David,Davis,,,,
,6E+13,,Michael,Brown,,,,
,6E+13,,Robert,Miller,,,,
,6E+13,,David,Rodriguez,,,,
,6E+13,,Lisa,Brown,,,,
,6E+13,,Michael,Martinez,,,,
,6E+13,,Emma,Martinez,,,,
,6E+13,,Michael,Miller,,,,
,6E+13,,David,Brown,,,,
,6E+13,,Lisa,Brown,,,,
,6E+13,,Mary,Miller,,,,
,6E+13,,Michael,Miller,,,,
,6E+13,,Emma,Smith,,,,
,6E+13,,Robert,Williams,,,,
,6E+13,,James,Davis,,,,
,6E+13,,Emma,Rodriguez,,,,
,6E+13,,Robert,Miller,,,,
,6E+13,,Michael,Johnson,,,,
,6E+13,,Michael,Miller,,,,
,6E+13,,Michael,Smith,,,,
,6E+13,,John,Brown,,,,
,6E+13,,John,Garcia,,,,
,6E+13,,James,Davis,,,,
,6E+13,,James,Johnson,,,,
,6E+13,,Jane,Garcia,,,,
,6E+13,,Michael,Garcia,,,,
,6E+13,,Emma,Brown,,,,
,6E+13,,Mary,Davis,,,,
,6E+13,,David,Davis,,,,
,6E+13,,Jane,Martinez,,,,
,6E+13,,Emma,Rodriguez,,,,
,6E+13,,Jane,Smith,,,,
,6E+13,,Emma,Jones,,,,
,6E+13,,Emma,Williams,,,,
,6E+13,,Michael,Garcia,,,,
,6E+13,,John,Smith,,,,
,6E+13,,Emma,Rodriguez,,,,
,6E+13,,Jane,Jones,,,,
,6E+13,,Michael,Miller,,,,
,6E+13,,Sarah,Garcia,,,,
,6E+13,,Mary,Brown,,,,
,6E+13,,Lisa,Brown,,,,
,6E+13,,Jane,Martinez,,,,
,6E+13,,John,Davis,,,,
,6E+13,,Michael,Jones,,,,
,6E+13,,John,Garcia,,,,
,6E+13,,Jane,Miller,,,,
,6E+13,,Sarah,Davis,,,,
,6E+13,,John,Martinez,,,,
,6E+13,,Jane,Johnson,,,,
,6E+13,,Sarah,Johnson,,,,
,6E+13,,David,Jones,,,,
,6E+13,,Emma,Brown,,,,
,6E+13,,Robert,Rodriguez,,,,
,6E+13,,Michael,Johnson,,,,
,6E+13,,Lisa,Miller,,,,
,6E+13,,John,Rodriguez,,,,
,6E+13,,David,Smith,,,,
,6E+13,,John,Smith,,,,
,6E+13,,Sarah,Miller,,,,
,6E+13,,James,Smith,,,,
,6E+13,,David,Miller,,,,
,6E+13,,Sarah,Miller,,,,
,6E+13,,Robert,Garcia,,,,
,6E+13,,Emma,Garcia,,,,
,6E+13,,Sarah,Jones,,,,
,6E+13,,Robert,Brown,,,,
,6E+13,,Sarah,Martinez,,,,
,6E+13,,Lisa,Johnson,,,,
,6E+13,,John,Williams,,,,
,6E+13,,David,Davis,,,,
,6E+13,,James,Williams,,,,
,6E+13,,Mary,Garcia,,,,
,6E+13,,Jane,Garcia,,,,
,6E+13,,Emma,Johnson,,,,
,6E+13,,Michael,Martinez,,,,
,6E+13,,James,Johnson,,,,
,6E+13,,Robert,Smith,,,,
,6E+13,,David,Brown,,,,
,6E+13,,Sarah,Miller,,,,
,6E+13,,Emma,Smith,,,,
,6E+13,,Emma,Miller,,,,
,6E+13,,John,Garcia,,,,
,6E+13,,David,Garcia,,,,
,6E+13,,Mary,Johnson,,,,
,6E+13,,Robert,Martinez,,,,
,6E+13,,Michael,Martinez,,,,
,6E+13,,Mary,Garcia,,,,
,6E+13,,David,Garcia,,,,
,6E+13,,Sarah,Martinez,,,,
,6E+13,,John,Garcia,,,,
,6E+13,,Jane,Davis,,,,
,6E+13,,Robert,Williams,,,,
,6E+13,,Mary,Johnson,,,,
,6E+13,,Jane,Johnson,,,,
,6E+13,,Mary,Jones,,,,
,6E+13,,Sarah,Rodriguez,,,,
,6E+13,,Lisa,Williams,,,,
,6E+13,,Robert,Davis,,,,
,6E+13,,James,Johnson,,,,
,6E+13,,Mary,Garcia,,,,
,6E+13,,Sarah,Smith,,,,
,6E+13,,James,Brown,,,,
,6E+13,,Sarah,Rodriguez,,,,
,6E+13,,James,Williams,,,,
,6E+13,,James,Johnson,,,,
,6E+13,,James,Williams,,,,
,6E+13,,Jane,Williams,,,,
,6E+13,,Emma,Jones,,,,
,6E+13,,Sarah,Davis,,,,
,6E+13,,James,Johnson,,,,
,6E+13,,Lisa,Williams,,,,
,6E+13,,David,Davis,,,,
,6E+13,,Mary,Jones,,,,
,6E+13,,Lisa,Davis,,,,
,6E+13,,Michael,Brown,,,,
,6E+13,,Emma,Williams,,,,
,6E+13,,Emma,Martinez,,,,
,6E+13,,James,Brown,,,,
,6E+13,,John,Williams,,,,
,6E+13,,Michael,Martinez,,,,
,6E+13,,Michael,Miller,,,,
,6E+13,,Jane,Jones,,,,
,6E+13,,James,Jones,,,,
,6E+13,,Jane,Johnson,,,,
,6E+13,,James,Miller,,,,
,6E+13,,Robert,Garcia,,,,
,6E+13,,Michael,Davis,,,,
,6E+13,,Robert,Davis,,,,
,6E+13,,Robert,Jones,,,,
,6E+13,,David,Miller,,,,
,6E+13,,David,Johnson,,,,
,6E+13,,John,Brown,,,,
,6E+13,,John,Johnson,,,,
,6E+13,,Emma,Johnson,,,,
,6E+13,,John,Miller,,,,
,6E+13,,Emma,Smith,,,,
,6E+13,,Jane,Martinez,,,,
,6E+13,,David,Miller,,,,
,6E+13,,Lisa,Rodriguez,,,,
,6E+13,,Robert,Martinez,,,,
,6E+13,,Lisa,Rodriguez,,,,
,6E+13,,John,Johnson,,,,
,6E+13,,David,Williams,,,,
,6E+13,,Jane,Miller,,,,
,6E+13,,Mary,Johnson,,,,
,6E+13,,Emma,Brown,,,,
,6E+13,,Lisa,Davis,,,,
,6E+13,,Sarah,Davis,,,,
,6E+13,,Jane,Martinez,,,,
,6E+13,,John,Martinez,,,,
,6E+13,,Sarah,Williams,,,,
,6E+13,,Emma,Davis,,,,
,6E+13,,David,Davis,,,,
,6E+13,,David,Jones,,,,
,6E+13,,David,Martinez,,,,
,6E+13,,Lisa,Johnson,,,,
,6E+13,,David,Garcia,,,,
,6E+13,,Jane,Martinez,,,,
,6E+13,,James,Smith,,,,
,6E+13,,James,Rodriguez,,,,
,6E+13,,James,Smith,,,,
,6E+13,,David,Johnson,,,,
,6E+13,,Mary,Brown,,,,
,6E+13,,James,Martinez,,,,
,6E+13,,David,Martinez,,,,
,6E+13,,Lisa,Miller,,,,
,6E+13,,Jane,Williams,,,,
,6E+13,,Emma,Rodriguez,,,,
,6E+13,,James,Garcia,,,,
,6E+13,,James,Martinez,,,,
,6E+13,,David,Johnson,,,,
,6E+13,,Mary,Jones,,,,
,6E+13,,Lisa,Jones,,,,
,6E+13,,Sarah,Garcia,,,,
,6E+13,,Sarah,Jones,,,,
,6E+13,,Jane,Davis,,,,
,6E+13,,James,Johnson,,,,
,6E+13,,Mary,Smith,,,,
,6E+13,,James,Rodriguez,,,,
,6E+13,,Mary,Martinez,,,,
,6E+13,,James,Rodriguez,,,,
,6E+13,,Jane,Brown,,,,
,6E+13,,Lisa,Davis,,,,
,6E+13,,James,Williams,,,,
,6E+13,,John,Jones,,,,
,6E+13,,David,Miller,,,,
,6E+13,,Emma,Martinez,,,,
,6E+13,,John,Johnson,,,,
,6E+13,,Mary,Williams,,,,
,6E+13,,Emma,Jones,,,,
,6E+13,,Mary,Johnson,,,,
,6E+13,,Lisa,Martinez,,,,
,6E+13,,Michael,Garcia,,,,
,6E+13,,James,Johnson,,,,
,6E+13,,Jane,Miller,,,,
,6E+13,,James,Smith,,,,
,6E+13,,James,Smith,,,,
,6E+13,,Sarah,Williams,,,,
,6E+13,,John,Miller,,,,
,6E+13,,Michael,Davis,,,,
,6E+13,,Robert,Brown,,,,
,6E+13,,Sarah,Davis,,,,
,6E+13,,Michael,Miller,,,,
,6E+13,,David,Williams,,,,
,6E+13,,Michael,Johnson,,,,
,6E+13,,David,Rodriguez,,,,
,6E+13,,David,Smith,,,,
,6E+13,,David,Miller,,,,
,6E+13,,Lisa,Miller,,,,
,6E+13,,Mary,Miller,,,,
,6E+13,,Michael,Johnson,,,,
,6E+13,,Jane,Martinez,,,,
,6E+13,,David,Brown,,,,
,6E+13,,Lisa,Davis,,,,
,6E+13,,Michael,Garcia,,,,
,6E+13,,Lisa,Martinez,,,,
,6E+13,,Sarah,Garcia,,,,
,6E+13,,Jane,Garcia,,,,
,6E+13,,James,Smith,,,,
,6E+13,,Emma,Garcia,,,,
,6E+13,,David,Miller,,,,
,6E+13,,Michael,Martinez,,,,
,6E+13,,Mary,Jones,,,,
,6E+13,,John,Johnson,,,,
,6E+13,,John,Rodriguez,,,,
,6E+13,,James,Davis,,,,
,6E+13,,Lisa,Johnson,,,,
,6E+13,,Lisa,Johnson,,,,
,6E+13,,Robert,Rodriguez,,,,
,6E+13,,Sarah,Martinez,,,,
,6E+13,,Emma,Johnson,,,,
,6E+13,,Jane,Martinez,,,,
,6E+13,,Jane,Jones,,,,
,6E+13,,David,Rodriguez,,,,
,6E+13,,John,Smith,,,,
,6E+13,,Robert,Martinez,,,,
,6E+13,,Sarah,Jones,,,,
,6E+13,,Robert,Rodriguez,,,,
,6E+13,,Sarah,Brown,,,,
,6E+13,,John,Brown,,,,
,6E+13,,Lisa,Garcia,,,,
,6E+13,,Lisa,Johnson,,,,
,6E+13,,Sarah,Davis,,,,
,6E+13,,David,Johnson,,,,
,6E+13,,Lisa,Brown,,,,
,6E+13,,James,Davis,,,,
,6E+13,,Emma,Miller,,,,
,6E+13,,Jane,Williams,,,,
,6E+13,,Jane,Jones,,,,
,6E+13,,Lisa,Martinez,,,,
,6E+13,,Robert,Smith,,,,
,6E+13,,Mary,Smith,,,,
,6E+13,,Emma,Martinez,,,,
,6E+13,,David,Martinez,,,,
,6E+13,,David,Williams,,,,
,6E+13,,James,Jones,,,,
,6E+13,,James,Smith,,,,
,6E+13,,Robert,Johnson,,,,
,6E+13,,Mary,Smith,,,,
,6E+13,,Jane,Davis,,,,
,6E+13,,Lisa,Smith,,,,
,6E+13,,John,Johnson,,,,
,6E+13,,Robert,Miller,,,,
,6E+13,,Mary,Martinez,,,,
,6E+13,,John,Miller,,,,
,6E+13,,John,Jones,,,,
,6E+13,,Emma,Davis,,,,
,6E+13,,John,Jones,,,,
,6E+13,,Mary,Davis,,,,
,6E+13,,Robert,Rodriguez,,,,
,6E+13,,Sarah,Smith,,,,
,6E+13,,Mary,Martinez,,,,
,6E+13,,David,Davis,,,,
,6E+13,,Lisa,Davis,,,,
,6E+13,,Sarah,Garcia,,,,
,6E+13,,Lisa,Miller,,,,
,6E+13,,Mary,Williams,,,,
,6E+13,,Lisa,Williams,,,,
,6E+13,,John,Williams,,,,
,6E+13,,Jane,Martinez,,,,
,6E+13,,Mary,Miller,,,,
,6E+13,,David,Johnson,,,,
,6E+13,,Emma,Davis,,,,
,6E+13,,Emma,Williams,,,,
,6E+13,,Emma,Davis,,,,
,6E+13,,James,Rodriguez,,,,
,6E+13,,Emma,Williams,,,,
,6E+13,,David,Williams,,,,
,6E+13,,Robert,Jones,,,,
,6E+13,,David,Williams,,,,
,6E+13,,James,Miller,,,,
,6E+13,,David,Miller,,,,
,6E+13,,James,Garcia,,,,
,6E+13,,David,Williams,,,,
,6E+13,,Mary,Martinez,,,,
,6E+13,,Jane,Williams,,,,
,6E+13,,Jane,Davis,,,,
,6E+13,,Jane,Smith,,,,
,6E+13,,tewst1,TEST,,,,
,6E+13,,test1,TEST,,,,
,6E+13,,test,TEST,,,,
,6E+13,,test,TEST,,,,
,6E+13,,test,TEST,,,,
,6E+13,,test,TEST,,,,
,6E+13,,test,TEST,,,,
,6E+13,,null,null,,,,
,6E+13,,null,null,,,,
,6E+13,,test,TEST,,,,
,6E+13,,null,,,,,
,6E+13,,null,,,,,
,6E+13,,null,,,,,
,6E+13,,null,,,,,
,6E+13,,test1,TEST1,,,,
,6E+13,,TEST,TEST,,,,
,6E+13,,TEST,TEST,,,,
,6E+13,,TEST,TEST,,,,
,6E+13,,TEST,TEST,,,,
,6E+13,,TEST,TEST,,,,
,6E+13,,TEST,TEST,,,,
,6E+13,,MICHAEL,RODRIGUEZ,,,,
,6E+13,,EMMA,SMITH,,,,
,6E+13,,MARY,GARCIA,,,,
,6E+13,,MICHAEL,JONES,,,,
,6E+13,,MICHAEL,MILLER,,,,
,6E+13,,ROBERT,RODRIGUEZ,,,,
,6E+13,,John,Davis,,,,
,6E+13,,ROBERT,GARCIA,,,,
,6E+13,,James,Jones,,,,
,6E+13,,Michael,Garcia,,,,
,6E+13,,David,Miller,,,,
,6E+13,,Emma,Jones,,,,
,6E+13,,Jane,Jones,,,,
,6E+13,,Sarah,Davis,,,,
,6E+13,,Lisa,Rodriguez,,,,
,6E+13,,Michael,Brown,,,,
,6E+13,,Sarah,Johnson,,,,
,6E+13,,Michael,Williams,,,,
,6E+13,,David,Davis,,,,
,6E+13,,Emma,Jones,,,,
,6E+13,,David,Davis,,,,
,6E+13,,John,Miller,,,,
,6E+13,,Lisa,Jones,,,,
,6E+13,,Lisa,Martinez,,,,
,6E+13,,Michael,Davis,,,,
,6E+13,,Michael,Jones,,,,
,6E+13,,Robert,Brown,,,,
,6E+13,,Lisa,Davis,,,,
,6E+13,,Sarah,Brown,,,,
,6E+13,,Michael,Martinez,,,,
,6E+13,,Sarah,Miller,,,,
,6E+13,,Robert,Brown,,,,
,6E+13,,Michael,Johnson,,,,
,6E+13,,Lisa,Rodriguez,,,,
,6E+13,,Jane,Jones,,,,
,6E+13,,David,Martinez,,,,
,6E+13,,Jane,Johnson,,,,
,6E+13,,Jane,Rodriguez,,,,
,6E+13,,Lisa,Williams,,,,
,6E+13,,Lisa,Brown,,,,
,6E+13,,James,Davis,,,,
,6E+13,,Sarah,Williams,,,,
,6E+13,,David,Rodriguez,,,,
,6E+13,,Michael,Johnson,,,,
,6E+13,,Robert,Davis,,,,
,6E+13,,Mary,Jones,,,,
,6E+13,,Emma,Rodriguez,,,,
,6E+13,,David,Brown,,,,
,6E+13,,Jane,Brown,,,,
,6E+13,,John,Johnson,,,,
,6E+13,,Lisa,Rodriguez,,,,
,6E+13,,Michael,Rodriguez,,,,
,6E+13,,James,Brown,,,,
,6E+13,,Robert,Garcia,,,,
,6E+13,,Sarah,Johnson,,,,
,6E+13,,Jane,Davis,,,,
,6E+13,,Emma,Rodriguez,,,,
,6E+13,,Jane,Smith,,,,
,6E+13,,Lisa,Williams,,,,
,6E+13,,Robert,Martinez,,,,
,6E+13,,James,Martinez,,,,
,6E+13,,Mary,Davis,,,,
,6E+13,,Jane,Garcia,,,,
,6E+13,,Sarah,Garcia,,,,
,6E+13,,Sarah,Jones,,,,
,6E+13,,John,Brown,,,,
,6E+13,,Lisa,Martinez,,,,
,6E+13,,Sarah,Rodriguez,,,,
,6E+13,,Sarah,Miller,,,,
,6E+13,,Lisa,Johnson,,,,
,6E+13,,Mary,Rodriguez,,,,
,6E+13,,David,Miller,,,,
,6E+13,,James,Smith,,,,
,6E+13,,John,Williams,,,,
,6E+13,,David,Williams,,,,
,6E+13,,James,Jones,,,,
,6E+13,,Sarah,Smith,,,,
,6E+13,,James,Johnson,,,,
,6E+13,,Michael,Johnson,,,,
,6E+13,,Emma,Rodriguez,,,,
,6E+13,,Emma,Rodriguez,,,,
,6E+13,,Jane,Miller,,,,
,6E+13,,David,Miller,,,,
,6E+13,,Lisa,Johnson,,,,
,6E+13,,Mary,Jones,,,,
,6E+13,,James,Martinez,,,,
,6E+13,,Robert,Brown,,,,
,6E+13,,James,Garcia,,,,
,6E+13,,John,Brown,,,,
,6E+13,,David,Miller,,,,
,6E+13,,Emma,Jones,,,,
,6E+13,,Robert,Rodriguez,,,,
,6E+13,,Emma,Johnson,,,,
,6E+13,,David,Williams,,,,
,6E+13,,Lisa,Rodriguez,,,,
,6E+13,,Lisa,Williams,,,,
,6E+13,,Robert,Davis,,,,
,6E+13,,Emma,Davis,,,,
,6E+13,,Sarah,Miller,,,,
,6E+13,,John,Martinez,,,,
,6E+13,,Sarah,Garcia,,,,
,6E+13,,Michael,Johnson,,,,
,6E+13,,James,Davis,,,,
,6E+13,,David,Davis,,,,
,6E+13,,Emma,Davis,,,,
,6E+13,,Jane,Williams,,,,
,6E+13,,John,Garcia,,,,
,6E+13,,John,Garcia,,,,
,6E+13,,David,Davis,,,,
,6E+13,,Mary,Martinez,,,,
,6E+13,,Robert,Rodriguez,,,,
,6E+13,,John,Garcia,,,,
,6E+13,,Mary,Smith,,,,
,6E+13,,David,Martinez,,,,
,6E+13,,Lisa,Rodriguez,,,,
,6E+13,,Sarah,Garcia,,,,
,6E+13,,David,Jones,,,,
,6E+13,,Jane,Rodriguez,,,,
,6E+13,,Michael,Davis,,,,
,6E+13,,James,Garcia,,,,
,6E+13,,Sarah,Martinez,,,,
,6E+13,,Lisa,Smith,,,,
,6E+13,,Michael,Davis,,,,
,6E+13,,David,Brown,,,,
,6E+13,,Mary,Smith,,,,
,6E+13,,John,Williams,,,,
,6E+13,,Lisa,Brown,,,,
,6E+13,,Emma,Jones,,,,
,6E+13,,Robert,Smith,,,,
,6E+13,,Michael,Rodriguez,,,,
,6E+13,,David,Jones,,,,
,6E+13,,Jane,Johnson,,,,
,6E+13,,John,Miller,,,,
,6E+13,,Michael,Garcia,,,,
,6E+13,,John,Brown,,,,
,6E+13,,David,Martinez,,,,
,6E+13,,Robert,Rodriguez,,,,
,6E+13,,John,Brown,,,,
,6E+13,,David,Smith,,,,
,6E+13,,Robert,Garcia,,,,
,6E+13,,Lisa,Rodriguez,,,,
,6E+13,,James,Davis,,,,
,6E+13,,Arthur,Hunt,,,,
,6E+13,,Phoebe,White,,,,
,6E+13,,John,Smith,,,,
,6E+13,,Jane,Davis,,,,
,6E+13,,Robert,Garcia,,,,
,6E+13,,Jane,Martinez,,,,
,6E+13,,Lisa,Brown,,,,
,6E+13,,Sarah,Garcia,,,,
,6E+13,,Michael,Miller,,,,
,6E+13,,David,Davis,,,,
,6E+13,,John,Rodriguez,,,,
,6E+13,,Michael,Brown,,,,
,6E+13,,Michael,Garcia,,,,
,6E+13,,Sarah,Miller,,,,
,6E+13,,Lisa,Martinez,,,,
,6E+13,,Michael,Miller,,,,
,6E+13,,Leo,Jenkins,,,,
,6E+13,,Eliza,Webb,,,,
,6E+13,,Michael,Smith,,,,
,6E+13,,John,Brown,,,,
,6E+13,,Lisa,Smith,,,,
,6E+13,,Lisa,Miller,,,,
,6E+13,,Jane,Williams,,,,
,6E+13,,Michael,Brown,,,,
,6E+13,,David,Johnson,,,,
,6E+13,,Emma,Williams,,,,
,6E+13,,John,Brown,,,,
,6E+13,,Michael,Miller,,,,
,6E+13,,Lisa,Miller,,,,
,6E+13,,Sarah,Brown,,,,
,6E+13,,John,Rodriguez,,,,
,6E+13,,Lisa,Martinez,,,,
,6E+13,,Liam,Nichols,,,,
,6E+13,,Sarah,Johnson,,,,
,6E+13,,Mary,Davis,,,,
,6E+13,,Sarah,Williams,,,,
,6E+13,,Daisy,Baker,,,,
,6E+13,,Michael,Smith,,,,
,6E+13,,Jane,Kennedy,,,,
,6E+13,,Jane,Miller,,,,
,6E+13,,Mary,Smith,,,,
,6E+13,,Jenson,Scott,,,,
,6E+13,,Oscar,Garcia,,,,
,6E+13,,Lisa,Miller,,,,
,6E+13,,Mary,Miller,,,,
,6E+13,,Jane,Jones,,,,
,6E+13,,James,Davis,,,,
,6E+13,,Sarah,Davis,,,,
,6E+13,,Isla,Black,,,,
,6E+13,,Robert,Smith,,,,
,6E+13,,Emma,Garcia,,,,
,6E+13,,Mary,Williams,,,,
,6E+13,,Emily,Cruz,,,,
,6E+13,,Oscar,Carter,,,,
,6E+13,,John,Smith,,,,
,6E+13,,John,Martinez,,,,
,6E+13,,Jane,Johnson,,,,
,6E+13,,Logan,Young,,,,
,6E+13,,Lisa,Jones,,,,
,6E+13,,Michael,Martinez,,,,
,6E+13,,Charlotte,Henderson,,,,
,6E+13,,Thomas,Scott,,,,
,6E+13,,John,Johnson,,,,
,6E+13,,Holly,Shaw,,,,
,6E+13,,Sarah,Rodriguez,,,,
,6E+13,,Isabelle,Jenkins,,,,
,6E+13,,John,Miller,,,,
,6E+13,,John,Johnson,,,,
,6E+13,,Lisa,Garcia,,,,
,6E+13,,Robert,Williams,,,,
,6E+13,,David,Brown,,,,
,6E+13,,Scarlett,Jenkins,,,,
,6E+13,,James,Williams,,,,
,6E+13,,Benjamin,Shaw,,,,
,6E+13,,Sarah,Martinez,,,,
,6E+13,,Michael,Davis,,,,
,6E+13,,Emma,Garcia,,,,
,6E+13,,Emma,Williams,,,,
,6E+13,,James,Smith,,,,
,6E+13,,Sarah,Miller,,,,
,6E+13,,Robert,Johnson,,,,
,6E+13,,Emma,Brown,,,,
,6E+13,,James,Garcia,,,,
,6E+13,,Emma,Miller,,,,
,6E+13,,John,Rodriguez,,,,
,6E+13,,Emma,Johnson,,,,
,6E+13,,Ethan,Gonzalez,,,,
,6E+13,,Sarah,Brown,,,,
,6E+13,,Robert,Brown,,,,
,6E+13,,Ivy,Hayes,,,,
,6E+13,,Alexander,Anderson,,,,
,6E+13,,Evelyn,Johnson,,,,
,6E+13,,Joseph,Black,,,,
,6E+13,,Lisa,Jones,,,,
,6E+13,,Robert,Miller,,,,
,6E+13,,James,Brown,,,,
,6E+13,,Sarah,Smith,,,,
,6E+13,,Robert,Johnson,,,,
,6E+13,,James,Jones,,,,
,6E+13,,John,Johnson,,,,
,6E+13,,John,Jones,,,,
,6E+13,,Michael,Miller,,,,
,6E+13,,Emma,Smith,,,,
,6E+13,,Emma,Johnson,,,,
,6E+13,,James,Rodriguez,,,,
,6E+13,,Lisa,Jones,,,,
,6E+13,,Lisa,Johnson,,,,
,6E+13,,Emma,Johnson,,,,
,6E+13,,Jane,Williams,,,,
,6E+13,,Sarah,Martinez,,,,
,6E+13,,Robert,Garcia,,,,
,6E+13,,Michael,Williams,,,,
,6E+13,,Jane,Smith,,,,
,6E+13,,Lisa,Jones,,,,
,6E+13,,Michael,Davis,,,,
,6E+13,,John,Miller,,,,
,6E+13,,Lisa,Williams,,,,
,6E+13,,David,Jones,,,,
,6E+13,,Mary,Jones,,,,
,6E+13,,Emma,Williams,,,,
,6E+13,,James,Martinez,,,,
,6E+13,,David,Miller,,,,
,6E+13,,Robert,Johnson,,,,
,6E+13,,Jane,Jones,,,,
,6E+13,,John,Garcia,,,,
,6E+13,,Emma,Johnson,,,,
,6E+13,,John,Rodriguez,,,,
,6E+13,,Grace,Cooper,,,,
,6E+13,,James,Martinez,,,,
,6E+13,,John,Smith,,,,
,6E+13,,Mary,Martinez,,,,
,6E+13,,John,Jones,,,,
,6E+13,,Robert,Jones,,,,
,6E+13,,Sarah,Brown,,,,
,6E+13,,David,Brown,,,,
,6E+13,,Mary,Williams,,,,
,6E+13,,Robert,Smith,,,,
,6E+13,,James,Rodriguez,,,,
,6E+13,,Jane,Garcia,,,,
,6E+13,,Sarah,Brown,,,,
,6E+13,,test,TEST,,,,
,6E+13,,David,Garcia,,,,
,6E+13,,Mary,Miller,,,,
,6E+13,,Sarah,Davis,,,,
,6E+13,,David,Jones,,,,
,6E+13,,Sarah,Rodriguez,,,,
,6E+13,,Robert,Smith,,,,
,6E+13,,James,Martinez,,,,
,6E+13,,Mary,Williams,,,,
,6E+13,,John,Williams,,,,
,6E+13,,Michael,Garcia,,,,
,6E+13,,John,Smith,,,,
,6E+13,,John,Smith,,,,
,6E+13,,Emma,Garcia,,,,
,6E+13,,Michael,Miller,,,,
,6E+13,,Jane,Martinez,,,,
,6E+13,,Daniel,Smith,,,,
,6E+13,,Robert,Miller,,,,
,6E+13,,Jane,Rodriguez,,,,
,6E+13,,Michael,Rodriguez,,,,
,6E+13,,Robert,Jones,,,,
,6E+13,,Jane,Rodriguez,,,,
,6E+13,,Mary,Jones,,,,
,6E+13,,Michael,Garcia,,,,
,6E+13,,Jane,Martinez,,,,
,6E+13,,Jane,Rodriguez,,,,
,6E+13,,Lisa,Jones,,,,
,6E+13,,Arthur,Bennett,,,,
,6E+13,,Michael,Jones,,,,
,6E+13,,James,Johnson,,,,
,6E+13,,Ethan,Rice,,,,
,6E+13,,Emma,Davis,,,,
,6E+13,,Lisa,Rodriguez,,,,
,6E+13,,Emma,Rodriguez,,,,
,6E+13,,Lisa,Garcia,,,,
,6E+13,,Edward,Adams,,,,
,6E+13,,Mary,Miller,,,,
,6E+13,,John,Smith,,,,
,6E+13,,Emma,Jones,,,,
,6E+13,,Mary,Jones,,,,
,6E+13,,Sarah,Jones,,,,
,6E+13,,Mary,Davis,,,,
,6E+13,,Michael,Johnson,,,,
,6E+13,,Emma,Rodriguez,,,,
,6E+13,,Emma,Smith,,,,
,6E+13,,John,Johnson,,,,
,6E+13,,Michael,Martinez,,,,
,6E+13,,David,Miller,,,,
,6E+13,,Phoebe,Flores,,,,
,6E+13,,Mary,Miller,,,,
,6E+13,,Emma,Davis,,,,
,6E+13,,Lisa,Brown,,,,
,6E+13,,David,Miller,,,,
,6E+13,,Jane,Brown,,,,
,6E+13,,Mary,Brown,,,,
,6E+13,,Lisa,Martinez,,,,
,6E+13,,Michael,Johnson,,,,
,6E+13,,Lisa,Johnson,,,,
,6E+13,,Lisa,Rodriguez,,,,
,6E+13,,James,Davis,,,,
,6E+13,,Michael,Garcia,,,,
,6E+13,,Daniel,Bryant,,,,
,6E+13,,Emma,Smith,,,,
,6E+13,,Michael,Smith,,,,
,6E+13,,Robert,Jones,,,,
,6E+13,,Emma,Garcia,,,,
,6E+13,,Theo,Webb,,,,
,6E+13,,Liam,Barnes,,,,
,6E+13,,David,Garcia,,,,
,6E+13,,Michael,Davis,,,,
,6E+13,,Georgia,Reynolds,,,,
,6E+13,,Dylan,Diaz,,,,
,6E+13,,Sarah,Smith,,,,
,6E+13,,Archie,Bell,,,,
,6E+13,,Mia,Howard,,,,
,6E+13,,Abigail,Coleman,,,,
,6E+13,,Lisa,Miller,,,,
,6E+13,,Mia,Warren,,,,
,6E+13,,TEST,TEST,,,,
,6E+13,,TEST2,TEST2,,,,
,6E+13,,test12,TEST12,,,,
